terminal_price,assumed_location_basis,unhedged,futures,fixed_price_swap,costless_collar,three_way_collar
20.0,-15.0,500000.0,5500000.0,5500000.0,4500000.0,2000000.0
20.0,-5.0,1500000.0,6500000.0,6500000.0,5500000.0,3000000.0
20.0,0.0,2000000.0,7000000.0,7000000.0,6000000.0,3500000.0
20.0,5.0,2500000.0,7500000.0,7500000.0,6500000.0,4000000.0
45.0,-15.0,3000000.0,5500000.0,5500000.0,4500000.0,4500000.0
45.0,-5.0,4000000.0,6500000.0,6500000.0,5500000.0,5500000.0
45.0,0.0,4500000.0,7000000.0,7000000.0,6000000.0,6000000.0
45.0,5.0,5000000.0,7500000.0,7500000.0,6500000.0,6500000.0
60.0,-15.0,4500000.0,5500000.0,5500000.0,4500000.0,4500000.0
60.0,-5.0,5500000.0,6500000.0,6500000.0,5500000.0,5500000.0
60.0,0.0,6000000.0,7000000.0,7000000.0,6000000.0,6000000.0
60.0,5.0,6500000.0,7500000.0,7500000.0,6500000.0,6500000.0
70.0,-15.0,5500000.0,5500000.0,5500000.0,5500000.0,5500000.0
70.0,-5.0,6500000.0,6500000.0,6500000.0,6500000.0,6500000.0
70.0,0.0,7000000.0,7000000.0,7000000.0,7000000.0,7000000.0
70.0,5.0,7500000.0,7500000.0,7500000.0,7500000.0,7500000.0
100.0,-15.0,8500000.0,5500000.0,5500000.0,7054387.458755019,7766894.1232280135
100.0,-5.0,9500000.0,6500000.0,6500000.0,8054387.458755019,8766894.123228014
100.0,0.0,10000000.0,7000000.0,7000000.0,8554387.45875502,9266894.123228014
100.0,5.0,10500000.0,7500000.0,7500000.0,9054387.45875502,9766894.123228014
