month,spot_exit,futures_exit,cushing_spot_minus_front_proxy
2015-02,49.84,49.76,0.0800000000000054
2015-03,47.72,47.6,0.11999999999999744
2015-04,59.62,59.63,-0.010000000000005116
2015-05,60.25,60.3,-0.04999999999999716
2015-06,59.48,59.47,0.00999999999999801
2015-07,47.11,47.12,-0.00999999999999801
2015-08,49.2,49.2,0.0
2015-09,45.06,45.09,-0.030000000000001137
2015-10,46.6,46.59,0.00999999999999801
2015-11,40.43,41.65,-1.2199999999999989
2015-12,37.13,37.04,0.09000000000000341
2016-01,33.66,33.62,0.03999999999999915
2016-02,32.74,33.75,-1.009999999999998
2016-03,36.94,38.34,-1.4000000000000057
2016-04,45.98,45.92,0.05999999999999517
2016-05,49.1,49.1,0.0
2016-06,48.27,48.33,-0.05999999999999517
2016-07,41.54,41.6,-0.060000000000002274
2016-08,44.68,44.7,-0.020000000000003126
2016-09,47.72,48.24,-0.5200000000000031
2016-10,46.83,46.86,-0.030000000000001137
2016-11,49.41,49.44,-0.030000000000001137
2016-12,53.75,53.72,0.030000000000001137
2017-01,52.75,52.81,-0.060000000000002274
2017-02,54.0,54.01,-0.00999999999999801
2017-03,50.54,50.6,-0.060000000000002274
2017-04,49.31,49.33,-0.01999999999999602
2017-05,48.29,48.32,-0.030000000000001137
2017-06,46.02,46.04,-0.01999999999999602
2017-07,50.21,50.17,0.03999999999999915
2017-08,47.26,47.23,0.030000000000001137
2017-09,51.67,51.67,0.0
2017-10,54.36,54.38,-0.020000000000003126
2017-11,57.4,57.4,0.0
2017-12,60.46,60.42,0.03999999999999915
2018-01,64.82,64.73,0.0899999999999892
2018-02,61.43,61.64,-0.21000000000000085
2018-03,64.87,64.94,-0.06999999999999318
2018-04,68.56,68.57,-0.009999999999990905
2018-05,66.98,67.04,-0.060000000000002274
2018-06,74.13,74.15,-0.020000000000010232
2018-07,69.88,68.76,1.1199999999999903
2018-08,69.84,69.8,0.04000000000000625
2018-09,73.16,73.25,-0.09000000000000341
2018-10,65.31,65.31,0.0
2018-11,50.78,50.93,-0.14999999999999858
2018-12,45.15,45.41,-0.259999999999998
2019-01,53.84,53.79,0.05000000000000426
2019-02,57.21,57.22,-0.00999999999999801
2019-03,60.19,60.14,0.04999999999999716
2019-04,63.83,63.91,-0.0799999999999983
2019-05,53.49,53.5,-0.00999999999999801
2019-06,58.2,58.47,-0.269999999999996
2019-07,58.53,58.58,-0.04999999999999716
2019-08,55.07,55.1,-0.030000000000001137
2019-09,54.09,54.07,0.020000000000003126
2019-10,54.02,54.18,-0.1599999999999966
2019-11,58.12,55.17,2.9499999999999957
2019-12,61.14,61.06,0.0799999999999983
2020-01,51.58,51.56,0.01999999999999602
2020-02,44.83,44.76,0.07000000000000028
2020-03,20.51,20.48,0.030000000000001137
2020-04,19.23,18.84,0.39000000000000057
2020-05,35.57,35.49,0.0799999999999983
2020-06,39.27,39.27,0.0
2020-07,40.1,40.27,-0.1700000000000017
2020-08,42.61,42.61,0.0
2020-09,40.05,40.22,-0.1700000000000017
2020-10,35.64,35.79,-0.14999999999999858
2020-11,45.2,45.34,-0.14000000000000057
2020-12,48.35,48.52,-0.1700000000000017
2021-01,52.16,52.2,-0.04000000000000625
2021-02,61.55,61.5,0.04999999999999716
2021-03,59.19,59.16,0.030000000000001137
2021-04,63.5,63.58,-0.0799999999999983
2021-05,66.31,66.32,-0.009999999999990905
2021-06,73.52,73.47,0.04999999999999716
2021-07,73.93,73.95,-0.01999999999999602
2021-08,68.43,68.5,-0.06999999999999318
2021-09,75.22,75.03,0.18999999999999773
2021-10,83.5,83.57,-0.06999999999999318
2021-11,66.14,66.18,-0.04000000000000625
2021-12,75.33,75.21,0.12000000000000455
2022-01,89.16,88.15,1.009999999999991
2022-02,96.13,95.72,0.4099999999999966
2022-03,100.53,100.28,0.25
2022-04,104.59,104.69,-0.09999999999999432
2022-05,114.38,114.67,-0.29000000000000625
2022-06,107.76,105.76,2.0
2022-07,101.31,98.62,2.6899999999999977
2022-08,90.09,89.55,0.5400000000000063
2022-09,79.91,79.49,0.4200000000000017
2022-10,86.54,86.53,0.010000000000005116
2022-11,80.48,80.55,-0.06999999999999318
2022-12,80.16,80.26,-0.10000000000000853
2023-01,78.95,78.87,0.0799999999999983
2023-02,76.88,77.05,-0.1700000000000017
2023-03,75.68,75.67,0.010000000000005116
2023-04,76.78,76.78,0.0
2023-05,68.11,68.09,0.01999999999999602
2023-06,70.66,70.64,0.01999999999999602
2023-07,81.8,81.8,0.0
2023-08,83.55,83.63,-0.0799999999999983
2023-09,90.77,90.79,-0.020000000000010232
2023-10,81.64,81.02,0.6200000000000045
2023-11,75.66,75.96,-0.29999999999999716
2023-12,71.89,71.65,0.23999999999999488
2024-01,76.28,75.85,0.4300000000000068
2024-02,79.22,78.26,0.9599999999999937
2024-03,83.96,83.17,0.789999999999992
2024-04,83.49,81.93,1.559999999999988
2024-05,77.97,76.99,0.980000000000004
2024-06,82.83,81.54,1.289999999999992
2024-07,79.36,77.91,1.4500000000000028
2024-08,74.52,73.55,0.9699999999999989
2024-09,68.75,68.17,0.5799999999999983
2024-10,69.58,69.26,0.3199999999999932
2024-11,68.26,68.0,0.2600000000000051
2024-12,72.44,71.72,0.7199999999999989
2025-01,72.84,72.53,0.3100000000000023
2025-02,69.97,69.76,0.20999999999999375
2025-03,71.87,71.48,0.39000000000000057
2025-04,59.55,58.21,1.3399999999999963
2025-05,61.46,60.79,0.6700000000000017
2025-06,66.3,65.11,1.1899999999999977
2025-07,70.36,69.26,1.0999999999999943
2025-08,64.36,64.01,0.3499999999999943
2025-09,63.17,62.37,0.8000000000000043
2025-10,61.75,60.98,0.7700000000000031
2025-11,58.58,58.55,0.030000000000001137
2025-12,57.26,57.42,-0.1600000000000037
2026-01,64.5,65.21,-0.7099999999999937
2026-02,66.96,67.02,-0.060000000000002274
2026-03,102.86,101.38,1.480000000000004
2026-04,108.64,105.07,3.5700000000000074
2026-05,91.16,87.36,3.799999999999997
2026-06,70.56,69.5,1.0600000000000023
2026-07,86.16,71.41,14.75
