terminal_price,unhedged,futures,fixed_price_swap,costless_collar,three_way_collar
-20.0,-2000000.0,7000000.0,7000000.0,6000000.0,-500000.0
-19.573934837092732,-1957393.4837092732,7000000.0,7000000.0,6000000.0,-457393.4837092732
-19.147869674185465,-1914786.9674185466,7000000.0,7000000.0,6000000.000000001,-414786.9674185465
-18.721804511278194,-1872180.4511278193,7000000.0,7000000.0,6000000.0,-372180.45112781937
-18.295739348370926,-1829573.9348370926,7000000.0,7000000.0,6000000.0,-329573.9348370926
-17.86967418546366,-1786967.4185463658,7000000.0,7000000.0,5999999.999999999,-286967.41854636656
-17.44360902255639,-1744360.9022556392,7000000.0,7000000.0,6000000.0,-244360.90225563908
-17.017543859649123,-1701754.3859649124,7000000.0,7000000.0,6000000.0,-201754.38596491233
-16.591478696741856,-1659147.8696741855,7000000.0,7000000.0,6000000.0,-159147.86967418558
-16.165413533834588,-1616541.353383459,7000000.0,7000000.0,6000000.000000001,-116541.3533834581
-15.739348370927319,-1573934.8370927318,7000000.0,7000000.0,6000000.0,-73934.83709273188
-15.31328320802005,-1531328.320802005,7000000.0,7000000.0,6000000.0,-31328.32080200494
-14.887218045112782,-1488721.8045112782,7000000.0,7000000.0,5999999.999999999,11278.19548872111
-14.461152882205514,-1446115.2882205513,7000000.0,7000000.0,6000000.0,53884.71177944858
-14.035087719298247,-1403508.7719298247,7000000.0,7000000.0,6000000.0,96491.22807017533
-13.609022556390979,-1360902.255639098,7000000.0,7000000.0,6000000.0,139097.74436090208
-13.18295739348371,-1318295.739348371,7000000.0,7000000.0,5999999.999999999,181704.2606516283
-12.75689223057644,-1275689.223057644,7000000.0,7000000.0,6000000.0,224310.77694235597
-12.330827067669173,-1233082.7067669174,7000000.0,7000000.0,6000000.0,266917.29323308275
-11.904761904761905,-1190476.1904761905,7000000.0,7000000.0,5999999.999999999,309523.80952380877
-11.478696741854638,-1147869.6741854637,7000000.0,7000000.0,6000000.0,352130.32581453625
-11.052631578947368,-1105263.1578947369,7000000.0,7000000.0,6000000.0,394736.8421052632
-10.6265664160401,-1062656.64160401,7000000.0,7000000.0,6000000.000000001,437343.3583959907
-10.200501253132833,-1020050.1253132833,7000000.0,7000000.0,5999999.999999999,479949.874686716
-9.774436090225564,-977443.6090225563,7000000.0,7000000.0,6000000.0,522556.39097744366
-9.348370927318296,-934837.0927318296,7000000.0,7000000.0,6000000.0,565162.9072681704
-8.922305764411028,-892230.5764411029,7000000.0,7000000.0,5999999.999999999,607769.4235588964
-8.49624060150376,-849624.060150376,7000000.0,7000000.0,6000000.0,650375.939849624
-8.070175438596491,-807017.5438596491,7000000.0,7000000.0,6000000.0,692982.4561403509
-7.644110275689224,-764411.0275689224,7000000.0,7000000.0,6000000.000000001,735588.9724310783
-7.218045112781956,-721804.5112781957,7000000.0,7000000.0,5999999.999999999,778195.4887218036
-6.791979949874687,-679197.9949874687,7000000.0,7000000.0,6000000.0,820802.0050125313
-6.365914786967419,-636591.478696742,7000000.0,7000000.0,6000000.0,863408.521303258
-5.939849624060152,-593984.9624060151,7000000.0,7000000.0,5999999.999999999,906015.0375939842
-5.513784461152882,-551378.4461152882,7000000.0,7000000.0,6000000.0,948621.5538847118
-5.087719298245615,-508771.92982456146,7000000.0,7000000.0,6000000.0,991228.0701754385
-4.661654135338347,-466165.41353383474,7000000.0,7000000.0,6000000.000000001,1033834.586466166
-4.235588972431078,-423558.8972431078,7000000.0,7000000.0,6000000.0,1076441.1027568923
-3.80952380952381,-380952.380952381,7000000.0,7000000.0,6000000.0,1119047.619047619
-3.3834586466165426,-338345.8646616543,7000000.0,7000000.0,6000000.0,1161654.1353383458
-2.957393483709275,-295739.3483709275,7000000.0,7000000.0,6000000.0,1204260.6516290726
-2.5313283208020074,-253132.83208020075,7000000.0,7000000.0,6000000.0,1246867.1679197992
-2.1052631578947363,-210526.31578947362,7000000.0,7000000.0,6000000.0,1289473.6842105263
-1.6791979949874687,-167919.79949874687,7000000.0,7000000.0,6000000.0,1332080.2005012531
-1.253132832080201,-125313.2832080201,7000000.0,7000000.0,6000000.0,1374686.71679198
-0.8270676691729335,-82706.76691729335,7000000.0,7000000.0,6000000.0,1417293.2330827066
-0.4010025062656659,-40100.250626566594,7000000.0,7000000.0,6000000.0,1459899.7493734334
0.025062656641601677,2506.265664160168,7000000.0,7000000.0,6000000.0,1502506.2656641603
0.4511278195488728,45112.78195488728,7000000.0,7000000.0,6000000.0,1545112.7819548873
0.8771929824561404,87719.29824561405,7000000.0,7000000.0,6000000.0,1587719.298245614
1.303258145363408,130325.8145363408,7000000.0,7000000.0,6000000.0,1630325.8145363408
1.7293233082706756,172932.33082706755,7000000.0,7000000.0,6000000.0,1672932.3308270676
2.155388471177943,215538.84711779433,7000000.0,7000000.0,6000000.0,1715538.8471177942
2.581453634085211,258145.36340852108,7000000.0,7000000.0,6000000.0,1758145.363408521
3.0075187969924784,300751.87969924783,7000000.0,7000000.0,6000000.0,1800751.879699248
3.4335839598997495,343358.39598997496,7000000.0,7000000.0,6000000.0,1843358.395989975
3.859649122807017,385964.9122807017,7000000.0,7000000.0,6000000.0,1885964.9122807018
4.285714285714285,428571.42857142846,7000000.0,7000000.0,6000000.0,1928571.4285714284
4.711779448621552,471177.94486215524,7000000.0,7000000.0,6000000.0,1971177.9448621552
5.13784461152882,513784.46115288197,7000000.0,7000000.0,6000000.0,2013784.461152882
5.5639097744360875,556390.9774436088,7000000.0,7000000.0,6000000.0,2056390.9774436087
5.989974937343359,598997.4937343359,7000000.0,7000000.0,6000000.0,2098997.493734336
6.416040100250626,641604.0100250626,7000000.0,7000000.0,6000000.0,2141604.0100250626
6.842105263157894,684210.5263157894,7000000.0,7000000.0,6000000.0,2184210.526315789
7.268170426065161,726817.0426065162,7000000.0,7000000.0,6000000.0,2226817.0426065163
7.694235588972429,769423.5588972429,7000000.0,7000000.0,6000000.0,2269423.558897243
8.120300751879697,812030.0751879696,7000000.0,7000000.0,6000000.0,2312030.0751879695
8.546365914786964,854636.5914786964,7000000.0,7000000.0,6000000.0,2354636.5914786966
8.972431077694235,897243.1077694235,7000000.0,7000000.0,6000000.0,2397243.1077694236
9.398496240601503,939849.6240601502,7000000.0,7000000.0,6000000.0,2439849.6240601502
9.82456140350877,982456.1403508771,7000000.0,7000000.0,6000000.0,2482456.140350877
10.250626566416038,1025062.6566416038,7000000.0,7000000.0,6000000.0,2525062.656641604
10.676691729323306,1067669.1729323305,7000000.0,7000000.0,6000000.0,2567669.1729323305
11.102756892230573,1110275.6892230574,7000000.0,7000000.0,6000000.0,2610275.689223057
11.528822055137844,1152882.2055137844,7000000.0,7000000.0,6000000.0,2652882.2055137847
11.954887218045112,1195488.7218045113,7000000.0,7000000.0,6000000.0,2695488.7218045113
12.38095238095238,1238095.2380952379,7000000.0,7000000.0,6000000.0,2738095.238095238
12.80701754385965,1280701.7543859652,7000000.0,7000000.0,6000000.0,2780701.754385965
13.233082706766915,1323308.2706766916,7000000.0,7000000.0,6000000.0,2823308.2706766916
13.659147869674186,1365914.7869674186,7000000.0,7000000.0,6000000.0,2865914.7869674186
14.08521303258145,1408521.303258145,7000000.0,7000000.0,6000000.0,2908521.303258145
14.511278195488721,1451127.819548872,7000000.0,7000000.0,6000000.0,2951127.8195488723
14.937343358395985,1493734.3358395984,7000000.0,7000000.0,6000000.0,2993734.3358395984
15.363408521303256,1536340.8521303257,7000000.0,7000000.0,6000000.0,3036340.8521303255
15.789473684210527,1578947.3684210528,7000000.0,7000000.0,6000000.0,3078947.3684210526
16.21553884711779,1621553.8847117792,7000000.0,7000000.0,6000000.0,3121553.884711779
16.641604010025063,1664160.4010025063,7000000.0,7000000.0,6000000.0,3164160.4010025063
17.067669172932327,1706766.9172932326,7000000.0,7000000.0,6000000.0,3206766.917293233
17.493734335839598,1749373.4335839597,7000000.0,7000000.0,6000000.0,3249373.43358396
17.919799498746862,1791979.949874686,7000000.0,7000000.0,6000000.0,3291979.949874686
18.345864661654133,1834586.4661654134,7000000.0,7000000.0,6000000.0,3334586.466165413
18.771929824561404,1877192.9824561405,7000000.0,7000000.0,6000000.0,3377192.98245614
19.197994987468668,1919799.4987468668,7000000.0,7000000.0,6000000.0,3419799.498746867
19.62406015037594,1962406.015037594,7000000.0,7000000.0,6000000.0,3462406.015037594
20.050125313283203,2005012.5313283203,7000000.0,7000000.0,6000000.0,3505012.5313283205
20.476190476190474,2047619.0476190473,7000000.0,7000000.0,6000000.0,3547619.0476190476
20.902255639097746,2090225.5639097746,7000000.0,7000000.0,6000000.0,3590225.5639097746
21.32832080200501,2132832.080200501,7000000.0,7000000.0,6000000.0,3632832.080200501
21.75438596491228,2175438.596491228,7000000.0,7000000.0,6000000.0,3675438.596491228
22.180451127819545,2218045.1127819545,7000000.0,7000000.0,6000000.0,3718045.1127819545
22.606516290726816,2260651.6290726815,7000000.0,7000000.0,6000000.0,3760651.6290726815
23.03258145363408,2303258.145363408,7000000.0,7000000.0,6000000.0,3803258.145363408
23.45864661654135,2345864.661654135,7000000.0,7000000.0,6000000.0,3845864.661654135
23.884711779448622,2388471.1779448623,7000000.0,7000000.0,6000000.0,3888471.1779448623
24.310776942355886,2431077.6942355884,7000000.0,7000000.0,6000000.0,3931077.6942355884
24.736842105263158,2473684.210526316,7000000.0,7000000.0,6000000.0,3973684.210526316
25.16290726817042,2516290.726817042,7000000.0,7000000.0,6000000.0,4016290.726817042
25.588972431077693,2558897.243107769,7000000.0,7000000.0,6000000.0,4058897.243107769
26.015037593984957,2601503.759398496,7000000.0,7000000.0,6000000.0,4101503.759398496
26.441102756892228,2644110.275689223,7000000.0,7000000.0,6000000.0,4144110.275689223
26.8671679197995,2686716.79197995,7000000.0,7000000.0,6000000.0,4186716.79197995
27.293233082706763,2729323.3082706765,7000000.0,7000000.0,6000000.0,4229323.308270676
27.719298245614034,2771929.8245614036,7000000.0,7000000.0,6000000.0,4271929.824561403
28.1453634085213,2814536.3408521297,7000000.0,7000000.0,6000000.0,4314536.34085213
28.57142857142857,2857142.857142857,7000000.0,7000000.0,6000000.0,4357142.857142857
28.997493734335833,2899749.3734335834,7000000.0,7000000.0,6000000.0,4399749.373433583
29.423558897243105,2942355.8897243105,7000000.0,7000000.0,6000000.0,4442355.8897243105
29.849624060150376,2984962.4060150376,7000000.0,7000000.0,6000000.0,4484962.406015038
30.27568922305764,3027568.922305764,7000000.0,7000000.0,6000000.0,4527568.922305764
30.70175438596491,3070175.4385964912,7000000.0,7000000.0,6000000.0,4570175.438596491
31.127819548872175,3112781.9548872174,7000000.0,7000000.0,6000000.0,4612781.954887218
31.553884711779446,3155388.4711779444,7000000.0,7000000.0,6000000.0,4655388.471177945
31.979949874686717,3197994.9874686715,7000000.0,7000000.0,6000000.0,4697994.987468672
32.40601503759398,3240601.503759398,7000000.0,7000000.0,6000000.0,4740601.503759398
32.83208020050125,3283208.020050125,7000000.0,7000000.0,6000000.0,4783208.020050125
33.25814536340852,3325814.536340852,7000000.0,7000000.0,6000000.0,4825814.536340851
33.68421052631579,3368421.052631579,7000000.0,7000000.0,6000000.0,4868421.052631578
34.11027568922305,3411027.568922305,7000000.0,7000000.0,6000000.0,4911027.5689223055
34.53634085213032,3453634.085213032,7000000.0,7000000.0,6000000.0,4953634.085213033
34.962406015037594,3496240.6015037596,7000000.0,7000000.0,6000000.0,4996240.60150376
35.38847117794486,3538847.1177944858,7000000.0,7000000.0,6000000.0,5038847.117794486
35.81453634085213,3581453.634085213,7000000.0,7000000.0,6000000.0,5081453.634085213
36.24060150375939,3624060.1503759394,7000000.0,7000000.0,6000000.0,5124060.150375939
36.666666666666664,3666666.6666666665,7000000.0,7000000.0,6000000.0,5166666.666666666
37.09273182957393,3709273.1829573927,7000000.0,7000000.0,6000000.0,5209273.182957393
37.5187969924812,3751879.6992481197,7000000.0,7000000.0,6000000.0,5251879.69924812
37.94486215538847,3794486.2155388473,7000000.0,7000000.0,6000000.0,5294486.215538847
38.370927318295735,3837092.7318295734,7000000.0,7000000.0,6000000.0,5337092.731829573
38.796992481203006,3879699.2481203005,7000000.0,7000000.0,6000000.0,5379699.2481203005
39.22305764411027,3922305.764411027,7000000.0,7000000.0,6000000.0,5422305.764411027
39.64912280701754,3964912.280701754,7000000.0,7000000.0,6000000.0,5464912.280701754
40.07518796992481,4007518.796992481,7000000.0,7000000.0,6000000.0,5507518.796992481
40.501253132832076,4050125.313283208,7000000.0,7000000.0,6000000.0,5550125.313283208
40.92731829573935,4092731.829573935,7000000.0,7000000.0,6000000.0,5592731.829573935
41.35338345864661,4135338.345864661,7000000.0,7000000.0,6000000.0,5635338.345864661
41.77944862155388,4177944.862155388,7000000.0,7000000.0,6000000.0,5677944.862155388
42.20551378446115,4220551.378446114,7000000.0,7000000.0,6000000.0,5720551.378446114
42.63157894736842,4263157.894736841,7000000.0,7000000.0,6000000.0,5763157.894736841
43.05764411027569,4305764.411027569,7000000.0,7000000.0,6000000.0,5805764.411027569
43.48370927318295,4348370.927318295,7000000.0,7000000.0,6000000.0,5848370.927318295
43.909774436090224,4390977.443609023,7000000.0,7000000.0,6000000.0,5890977.443609023
44.335839598997495,4433583.95989975,7000000.0,7000000.0,6000000.0,5933583.95989975
44.76190476190476,4476190.476190476,7000000.0,7000000.0,6000000.0,5976190.476190476
45.18796992481202,4518796.992481202,7000000.0,7000000.0,6000000.0,6000000.0
45.6140350877193,4561403.50877193,7000000.0,7000000.0,6000000.0,6000000.0
46.040100250626566,4604010.025062657,7000000.0,7000000.0,6000000.0,6000000.0
46.46616541353383,4646616.541353383,7000000.0,7000000.0,6000000.0,6000000.0
46.892230576441094,4689223.057644109,7000000.0,7000000.0,6000000.0,6000000.0
47.31829573934837,4731829.573934837,7000000.0,7000000.0,6000000.0,6000000.0
47.744360902255636,4774436.090225563,7000000.0,7000000.0,6000000.0,6000000.0
48.1704260651629,4817042.60651629,7000000.0,7000000.0,6000000.0,6000000.0
48.59649122807018,4859649.1228070175,7000000.0,7000000.0,6000000.0,6000000.0
49.02255639097744,4902255.639097745,7000000.0,7000000.0,6000000.0,6000000.0
49.448621553884706,4944862.155388471,7000000.0,7000000.0,6000000.0,6000000.0
49.87468671679197,4987468.671679197,7000000.0,7000000.0,6000000.0,6000000.0
50.30075187969925,5030075.187969925,7000000.0,7000000.0,6000000.0,6000000.0
50.72681704260651,5072681.704260651,7000000.0,7000000.0,6000000.0,6000000.0
51.15288220551378,5115288.220551378,7000000.0,7000000.0,6000000.0,6000000.0
51.578947368421055,5157894.736842105,7000000.0,7000000.0,6000000.0,6000000.0
52.00501253132832,5200501.253132832,7000000.0,7000000.0,6000000.0,6000000.0
52.43107769423558,5243107.769423558,7000000.0,7000000.0,6000000.0,6000000.0
52.85714285714285,5285714.2857142845,7000000.0,7000000.0,6000000.0,6000000.0
53.283208020050125,5328320.8020050125,7000000.0,7000000.0,6000000.0,6000000.0
53.70927318295739,5370927.318295739,7000000.0,7000000.0,6000000.0,6000000.0
54.13533834586465,5413533.834586466,7000000.0,7000000.0,6000000.0,6000000.0
54.56140350877193,5456140.350877193,7000000.0,7000000.0,6000000.0,6000000.0
54.987468671679196,5498746.86716792,7000000.0,7000000.0,6000000.0,6000000.0
55.41353383458646,5541353.383458646,7000000.0,7000000.0,6000000.0,6000000.0
55.839598997493724,5583959.899749372,7000000.0,7000000.0,6000000.0,6000000.0
56.265664160401,5626566.4160401,7000000.0,7000000.0,6000000.0,6000000.0
56.691729323308266,5669172.932330826,7000000.0,7000000.0,6000000.0,6000000.0
57.11779448621553,5711779.448621553,7000000.0,7000000.0,6000000.0,6000000.0
57.54385964912281,5754385.96491228,7000000.0,7000000.0,6000000.0,6000000.0
57.96992481203007,5796992.4812030075,7000000.0,7000000.0,6000000.0,6000000.0
58.395989974937336,5839598.997493734,7000000.0,7000000.0,6000000.0,6000000.0
58.8220551378446,5882205.51378446,7000000.0,7000000.0,6000000.0,6000000.0
59.24812030075188,5924812.030075188,7000000.0,7000000.0,6000000.0,6000000.0
59.67418546365914,5967418.546365914,7000000.0,7000000.0,6000000.0,6000000.0
60.10025062656641,6010025.062656641,7000000.0,7000000.0,6010025.062656641,6010025.062656641
60.526315789473685,6052631.578947368,7000000.0,7000000.0,6052631.578947368,6052631.578947368
60.95238095238095,6095238.095238095,7000000.0,7000000.0,6095238.095238095,6095238.095238095
61.37844611528821,6137844.611528821,7000000.0,7000000.0,6137844.611528821,6137844.611528821
61.80451127819549,6180451.127819549,7000000.0,7000000.0,6180451.127819549,6180451.127819549
62.230576441102755,6223057.644110275,7000000.0,7000000.0,6223057.644110275,6223057.644110275
62.65664160401002,6265664.160401002,7000000.0,7000000.0,6265664.160401002,6265664.160401002
63.08270676691728,6308270.676691729,7000000.0,7000000.0,6308270.676691729,6308270.676691729
63.50877192982456,6350877.192982456,7000000.0,7000000.0,6350877.192982456,6350877.192982456
63.934837092731826,6393483.709273183,7000000.0,7000000.0,6393483.709273183,6393483.709273183
64.36090225563909,6436090.225563909,7000000.0,7000000.0,6436090.225563909,6436090.225563909
64.78696741854637,6478696.741854637,7000000.0,7000000.0,6478696.741854637,6478696.741854637
65.21303258145363,6521303.258145363,7000000.0,7000000.0,6521303.258145363,6521303.258145363
65.6390977443609,6563909.774436089,7000000.0,7000000.0,6563909.774436089,6563909.774436089
66.06516290726816,6606516.290726816,7000000.0,7000000.0,6606516.290726816,6606516.290726816
66.49122807017544,6649122.807017544,7000000.0,7000000.0,6649122.807017544,6649122.807017544
66.9172932330827,6691729.32330827,7000000.0,7000000.0,6691729.32330827,6691729.32330827
67.34335839598997,6734335.839598997,7000000.0,7000000.0,6734335.839598997,6734335.839598997
67.76942355889724,6776942.355889725,7000000.0,7000000.0,6776942.355889725,6776942.355889725
68.19548872180451,6819548.872180451,7000000.0,7000000.0,6819548.872180451,6819548.872180451
68.62155388471177,6862155.388471177,7000000.0,7000000.0,6862155.388471177,6862155.388471177
69.04761904761904,6904761.904761904,7000000.0,7000000.0,6904761.904761904,6904761.904761904
69.47368421052632,6947368.421052632,7000000.0,7000000.0,6947368.421052632,6947368.421052632
69.89974937343358,6989974.937343358,7000000.0,7000000.0,6989974.937343358,6989974.937343358
70.32581453634084,7032581.453634084,7000000.0,7000000.0,7032581.453634084,7032581.453634084
70.75187969924812,7075187.969924812,7000000.0,7000000.0,7075187.969924812,7075187.969924812
71.17794486215539,7117794.486215538,7000000.0,7000000.0,7117794.486215538,7117794.486215538
71.60401002506265,7160401.0025062645,7000000.0,7000000.0,7160401.0025062645,7160401.0025062645
72.03007518796991,7203007.518796992,7000000.0,7000000.0,7203007.518796992,7203007.518796992
72.45614035087719,7245614.03508772,7000000.0,7000000.0,7245614.03508772,7245614.03508772
72.88220551378446,7288220.551378446,7000000.0,7000000.0,7288220.551378446,7288220.551378446
73.30827067669172,7330827.067669172,7000000.0,7000000.0,7330827.067669172,7330827.067669172
73.734335839599,7373433.5839599,7000000.0,7000000.0,7373433.5839599,7373433.5839599
74.16040100250626,7416040.100250626,7000000.0,7000000.0,7416040.100250626,7416040.100250626
74.58646616541353,7458646.616541353,7000000.0,7000000.0,7458646.616541353,7458646.616541353
75.01253132832079,7501253.132832079,7000000.0,7000000.0,7501253.132832079,7501253.132832079
75.43859649122807,7543859.649122807,7000000.0,7000000.0,7543859.649122807,7543859.649122807
75.86466165413533,7586466.165413533,7000000.0,7000000.0,7586466.165413533,7586466.165413533
76.2907268170426,7629072.6817042595,7000000.0,7000000.0,7629072.6817042595,7629072.6817042595
76.71679197994987,7671679.1979949875,7000000.0,7000000.0,7671679.1979949875,7671679.1979949875
77.14285714285714,7714285.714285714,7000000.0,7000000.0,7714285.714285714,7714285.714285714
77.5689223057644,7756892.230576441,7000000.0,7000000.0,7756892.230576441,7756892.230576441
77.99498746867167,7799498.746867167,7000000.0,7000000.0,7799498.746867167,7799498.746867167
78.42105263157895,7842105.263157895,7000000.0,7000000.0,7842105.263157895,7842105.263157895
78.84711779448621,7884711.779448621,7000000.0,7000000.0,7884711.779448621,7884711.779448621
79.27318295739347,7927318.295739347,7000000.0,7000000.0,7927318.295739347,7927318.295739347
79.69924812030075,7969924.812030075,7000000.0,7000000.0,7969924.812030075,7969924.812030075
80.12531328320802,8012531.328320801,7000000.0,7000000.0,8012531.328320801,8012531.328320801
80.55137844611528,8055137.844611528,7000000.0,7000000.0,8055137.844611528,8055137.844611528
80.97744360902256,8097744.360902255,7000000.0,7000000.0,8097744.360902255,8097744.360902255
81.40350877192982,8140350.8771929825,7000000.0,7000000.0,8140350.8771929825,8140350.8771929825
81.82957393483709,8182957.393483709,7000000.0,7000000.0,8182957.393483709,8182957.393483709
82.25563909774435,8225563.909774435,7000000.0,7000000.0,8225563.909774435,8225563.909774435
82.68170426065163,8268170.426065163,7000000.0,7000000.0,8268170.426065163,8268170.426065163
83.10776942355889,8310776.942355889,7000000.0,7000000.0,8310776.942355889,8310776.942355889
83.53383458646616,8353383.458646616,7000000.0,7000000.0,8353383.458646616,8353383.458646616
83.95989974937343,8395989.974937344,7000000.0,7000000.0,8395989.974937344,8395989.974937344
84.3859649122807,8438596.49122807,7000000.0,7000000.0,8438596.49122807,8438596.49122807
84.81203007518796,8481203.007518796,7000000.0,7000000.0,8481203.007518796,8481203.007518796
85.23809523809523,8523809.523809522,7000000.0,7000000.0,8523809.523809522,8523809.523809522
85.6641604010025,8566416.04010025,7000000.0,7000000.0,8554387.45875502,8566416.04010025
86.09022556390977,8609022.556390977,7000000.0,7000000.0,8554387.45875502,8609022.556390977
86.51629072681703,8651629.072681703,7000000.0,7000000.0,8554387.45875502,8651629.072681703
86.94235588972431,8694235.58897243,7000000.0,7000000.0,8554387.45875502,8694235.58897243
87.36842105263158,8736842.105263157,7000000.0,7000000.0,8554387.45875502,8736842.105263157
87.79448621553884,8779448.621553885,7000000.0,7000000.0,8554387.45875502,8779448.621553885
88.2205513784461,8822055.137844611,7000000.0,7000000.0,8554387.45875502,8822055.137844611
88.64661654135338,8864661.654135339,7000000.0,7000000.0,8554387.45875502,8864661.654135339
89.07268170426065,8907268.170426065,7000000.0,7000000.0,8554387.45875502,8907268.170426065
89.49874686716791,8949874.686716791,7000000.0,7000000.0,8554387.45875502,8949874.686716791
89.92481203007519,8992481.20300752,7000000.0,7000000.0,8554387.45875502,8992481.20300752
90.35087719298245,9035087.719298245,7000000.0,7000000.0,8554387.45875502,9035087.719298245
90.77694235588972,9077694.235588972,7000000.0,7000000.0,8554387.45875502,9077694.235588972
91.20300751879698,9120300.751879698,7000000.0,7000000.0,8554387.45875502,9120300.751879698
91.62907268170426,9162907.268170426,7000000.0,7000000.0,8554387.45875502,9162907.268170426
92.05513784461152,9205513.784461152,7000000.0,7000000.0,8554387.45875502,9205513.784461152
92.48120300751879,9248120.300751878,7000000.0,7000000.0,8554387.45875502,9248120.300751878
92.90726817042606,9290726.817042606,7000000.0,7000000.0,8554387.45875502,9266894.123228014
93.33333333333333,9333333.333333332,7000000.0,7000000.0,8554387.45875502,9266894.123228014
93.75939849624059,9375939.84962406,7000000.0,7000000.0,8554387.45875502,9266894.123228014
94.18546365914786,9418546.365914786,7000000.0,7000000.0,8554387.45875502,9266894.123228014
94.61152882205513,9461152.882205514,7000000.0,7000000.0,8554387.45875502,9266894.123228014
95.0375939849624,9503759.39849624,7000000.0,7000000.0,8554387.45875502,9266894.123228014
95.46365914786966,9546365.914786967,7000000.0,7000000.0,8554387.45875502,9266894.123228014
95.88972431077694,9588972.431077695,7000000.0,7000000.0,8554387.45875502,9266894.123228014
96.3157894736842,9631578.94736842,7000000.0,7000000.0,8554387.45875502,9266894.123228014
96.74185463659147,9674185.463659147,7000000.0,7000000.0,8554387.45875502,9266894.123228014
97.16791979949873,9716791.979949873,7000000.0,7000000.0,8554387.45875502,9266894.123228014
97.59398496240601,9759398.496240601,7000000.0,7000000.0,8554387.45875502,9266894.123228014
98.02005012531328,9802005.012531327,7000000.0,7000000.0,8554387.45875502,9266894.123228014
98.44611528822054,9844611.528822053,7000000.0,7000000.0,8554387.45875502,9266894.123228014
98.87218045112782,9887218.045112781,7000000.0,7000000.0,8554387.45875502,9266894.123228014
99.29824561403508,9929824.561403507,7000000.0,7000000.0,8554387.45875502,9266894.123228014
99.72431077694235,9972431.077694235,7000000.0,7000000.0,8554387.45875502,9266894.123228014
100.15037593984962,10015037.593984962,7000000.0,7000000.0,8554387.45875502,9266894.123228014
100.57644110275689,10057644.11027569,7000000.0,7000000.0,8554387.45875502,9266894.123228014
101.00250626566415,10100250.626566416,7000000.0,7000000.0,8554387.45875502,9266894.123228014
101.42857142857142,10142857.142857142,7000000.0,7000000.0,8554387.45875502,9266894.123228014
101.8546365914787,10185463.65914787,7000000.0,7000000.0,8554387.45875502,9266894.123228014
102.28070175438596,10228070.175438596,7000000.0,7000000.0,8554387.45875502,9266894.123228014
102.70676691729322,10270676.691729322,7000000.0,7000000.0,8554387.45875502,9266894.123228014
103.1328320802005,10313283.20802005,7000000.0,7000000.0,8554387.45875502,9266894.123228014
103.55889724310777,10355889.724310776,7000000.0,7000000.0,8554387.45875502,9266894.123228014
103.98496240601503,10398496.240601502,7000000.0,7000000.0,8554387.45875502,9266894.123228014
104.4110275689223,10441102.756892228,7000000.0,7000000.0,8554387.45875502,9266894.123228014
104.83709273182957,10483709.273182957,7000000.0,7000000.0,8554387.45875502,9266894.123228014
105.26315789473684,10526315.789473683,7000000.0,7000000.0,8554387.45875502,9266894.123228014
105.6892230576441,10568922.30576441,7000000.0,7000000.0,8554387.45875502,9266894.123228014
106.11528822055138,10611528.822055139,7000000.0,7000000.0,8554387.45875502,9266894.123228014
106.54135338345864,10654135.338345865,7000000.0,7000000.0,8554387.45875502,9266894.123228014
106.9674185463659,10696741.85463659,7000000.0,7000000.0,8554387.45875502,9266894.123228014
107.39348370927317,10739348.370927317,7000000.0,7000000.0,8554387.45875502,9266894.123228014
107.81954887218045,10781954.887218045,7000000.0,7000000.0,8554387.45875502,9266894.123228014
108.24561403508773,10824561.403508773,7000000.0,7000000.0,8554387.45875502,9266894.123228014
108.67167919799499,10867167.9197995,7000000.0,7000000.0,8554387.45875502,9266894.123228014
109.09774436090225,10909774.436090225,7000000.0,7000000.0,8554387.45875502,9266894.123228014
109.52380952380952,10952380.952380951,7000000.0,7000000.0,8554387.45875502,9266894.123228014
109.94987468671678,10994987.468671678,7000000.0,7000000.0,8554387.45875502,9266894.123228014
110.37593984962405,11037593.984962404,7000000.0,7000000.0,8554387.45875502,9266894.123228014
110.80200501253131,11080200.501253132,7000000.0,7000000.0,8554387.45875502,9266894.123228014
111.2280701754386,11122807.01754386,7000000.0,7000000.0,8554387.45875502,9266894.123228014
111.65413533834587,11165413.533834586,7000000.0,7000000.0,8554387.45875502,9266894.123228014
112.08020050125313,11208020.050125314,7000000.0,7000000.0,8554387.45875502,9266894.123228014
112.5062656641604,11250626.56641604,7000000.0,7000000.0,8554387.45875502,9266894.123228014
112.93233082706766,11293233.082706766,7000000.0,7000000.0,8554387.45875502,9266894.123228014
113.35839598997492,11335839.598997492,7000000.0,7000000.0,8554387.45875502,9266894.123228014
113.78446115288219,11378446.115288218,7000000.0,7000000.0,8554387.45875502,9266894.123228014
114.21052631578948,11421052.631578948,7000000.0,7000000.0,8554387.45875502,9266894.123228014
114.63659147869674,11463659.147869674,7000000.0,7000000.0,8554387.45875502,9266894.123228014
115.06265664160401,11506265.6641604,7000000.0,7000000.0,8554387.45875502,9266894.123228014
115.48872180451127,11548872.180451127,7000000.0,7000000.0,8554387.45875502,9266894.123228014
115.91478696741854,11591478.696741853,7000000.0,7000000.0,8554387.45875502,9266894.123228014
116.3408521303258,11634085.21303258,7000000.0,7000000.0,8554387.45875502,9266894.123228014
116.76691729323306,11676691.729323307,7000000.0,7000000.0,8554387.45875502,9266894.123228014
117.19298245614036,11719298.245614035,7000000.0,7000000.0,8554387.45875502,9266894.123228014
117.61904761904762,11761904.761904761,7000000.0,7000000.0,8554387.45875502,9266894.123228014
118.04511278195488,11804511.27819549,7000000.0,7000000.0,8554387.45875502,9266894.123228014
118.47117794486215,11847117.794486215,7000000.0,7000000.0,8554387.45875502,9266894.123228014
118.89724310776941,11889724.310776941,7000000.0,7000000.0,8554387.45875502,9266894.123228014
119.32330827067668,11932330.827067668,7000000.0,7000000.0,8554387.45875502,9266894.123228014
119.74937343358394,11974937.343358394,7000000.0,7000000.0,8554387.45875502,9266894.123228014
120.17543859649123,12017543.859649124,7000000.0,7000000.0,8554387.45875502,9266894.123228014
120.6015037593985,12060150.37593985,7000000.0,7000000.0,8554387.45875502,9266894.123228014
121.02756892230576,12102756.892230576,7000000.0,7000000.0,8554387.45875502,9266894.123228014
121.45363408521303,12145363.408521302,7000000.0,7000000.0,8554387.45875502,9266894.123228014
121.87969924812029,12187969.924812028,7000000.0,7000000.0,8554387.45875502,9266894.123228014
122.30576441102755,12230576.441102756,7000000.0,7000000.0,8554387.45875502,9266894.123228014
122.73182957393482,12273182.957393482,7000000.0,7000000.0,8554387.45875502,9266894.123228014
123.15789473684211,12315789.47368421,7000000.0,7000000.0,8554387.45875502,9266894.123228014
123.58395989974937,12358395.989974936,7000000.0,7000000.0,8554387.45875502,9266894.123228014
124.01002506265664,12401002.506265664,7000000.0,7000000.0,8554387.45875502,9266894.123228014
124.4360902255639,12443609.02255639,7000000.0,7000000.0,8554387.45875502,9266894.123228014
124.86215538847117,12486215.538847117,7000000.0,7000000.0,8554387.45875502,9266894.123228014
125.28822055137843,12528822.055137843,7000000.0,7000000.0,8554387.45875502,9266894.123228014
125.7142857142857,12571428.571428569,7000000.0,7000000.0,8554387.45875502,9266894.123228014
126.14035087719299,12614035.087719299,7000000.0,7000000.0,8554387.45875502,9266894.123228014
126.56641604010025,12656641.604010025,7000000.0,7000000.0,8554387.45875502,9266894.123228014
126.99248120300751,12699248.120300751,7000000.0,7000000.0,8554387.45875502,9266894.123228014
127.41854636591478,12741854.636591477,7000000.0,7000000.0,8554387.45875502,9266894.123228014
127.84461152882204,12784461.152882203,7000000.0,7000000.0,8554387.45875502,9266894.123228014
128.2706766917293,12827067.669172931,7000000.0,7000000.0,8554387.45875502,9266894.123228014
128.69674185463657,12869674.185463658,7000000.0,7000000.0,8554387.45875502,9266894.123228014
129.12280701754386,12912280.701754386,7000000.0,7000000.0,8554387.45875502,9266894.123228014
129.54887218045113,12954887.218045114,7000000.0,7000000.0,8554387.45875502,9266894.123228014
129.9749373433584,12997493.73433584,7000000.0,7000000.0,8554387.45875502,9266894.123228014
130.40100250626566,13040100.250626566,7000000.0,7000000.0,8554387.45875502,9266894.123228014
130.82706766917292,13082706.766917292,7000000.0,7000000.0,8554387.45875502,9266894.123228014
131.25313283208018,13125313.283208018,7000000.0,7000000.0,8554387.45875502,9266894.123228014
131.67919799498745,13167919.799498744,7000000.0,7000000.0,8554387.45875502,9266894.123228014
132.10526315789474,13210526.315789474,7000000.0,7000000.0,8554387.45875502,9266894.123228014
132.531328320802,13253132.8320802,7000000.0,7000000.0,8554387.45875502,9266894.123228014
132.95739348370927,13295739.348370926,7000000.0,7000000.0,8554387.45875502,9266894.123228014
133.38345864661653,13338345.864661653,7000000.0,7000000.0,8554387.45875502,9266894.123228014
133.8095238095238,13380952.380952379,7000000.0,7000000.0,8554387.45875502,9266894.123228014
134.23558897243106,13423558.897243107,7000000.0,7000000.0,8554387.45875502,9266894.123228014
134.66165413533832,13466165.413533833,7000000.0,7000000.0,8554387.45875502,9266894.123228014
135.08771929824562,13508771.92982456,7000000.0,7000000.0,8554387.45875502,9266894.123228014
135.51378446115288,13551378.446115289,7000000.0,7000000.0,8554387.45875502,9266894.123228014
135.93984962406014,13593984.962406015,7000000.0,7000000.0,8554387.45875502,9266894.123228014
136.3659147869674,13636591.478696741,7000000.0,7000000.0,8554387.45875502,9266894.123228014
136.79197994987467,13679197.994987467,7000000.0,7000000.0,8554387.45875502,9266894.123228014
137.21804511278194,13721804.511278193,7000000.0,7000000.0,8554387.45875502,9266894.123228014
137.6441102756892,13764411.02756892,7000000.0,7000000.0,8554387.45875502,9266894.123228014
138.0701754385965,13807017.54385965,7000000.0,7000000.0,8554387.45875502,9266894.123228014
138.49624060150376,13849624.060150376,7000000.0,7000000.0,8554387.45875502,9266894.123228014
138.92230576441102,13892230.576441102,7000000.0,7000000.0,8554387.45875502,9266894.123228014
139.34837092731829,13934837.092731828,7000000.0,7000000.0,8554387.45875502,9266894.123228014
139.77443609022555,13977443.609022554,7000000.0,7000000.0,8554387.45875502,9266894.123228014
140.2005012531328,14020050.125313282,7000000.0,7000000.0,8554387.45875502,9266894.123228014
140.62656641604008,14062656.641604008,7000000.0,7000000.0,8554387.45875502,9266894.123228014
141.05263157894737,14105263.157894736,7000000.0,7000000.0,8554387.45875502,9266894.123228014
141.47869674185463,14147869.674185464,7000000.0,7000000.0,8554387.45875502,9266894.123228014
141.9047619047619,14190476.19047619,7000000.0,7000000.0,8554387.45875502,9266894.123228014
142.33082706766916,14233082.706766916,7000000.0,7000000.0,8554387.45875502,9266894.123228014
142.75689223057643,14275689.223057643,7000000.0,7000000.0,8554387.45875502,9266894.123228014
143.1829573934837,14318295.739348369,7000000.0,7000000.0,8554387.45875502,9266894.123228014
143.60902255639098,14360902.255639099,7000000.0,7000000.0,8554387.45875502,9266894.123228014
144.03508771929825,14403508.771929825,7000000.0,7000000.0,8554387.45875502,9266894.123228014
144.4611528822055,14446115.28822055,7000000.0,7000000.0,8554387.45875502,9266894.123228014
144.88721804511277,14488721.804511277,7000000.0,7000000.0,8554387.45875502,9266894.123228014
145.31328320802004,14531328.320802003,7000000.0,7000000.0,8554387.45875502,9266894.123228014
145.7393483709273,14573934.837092731,7000000.0,7000000.0,8554387.45875502,9266894.123228014
146.16541353383457,14616541.353383457,7000000.0,7000000.0,8554387.45875502,9266894.123228014
146.59147869674186,14659147.869674185,7000000.0,7000000.0,8554387.45875502,9266894.123228014
147.01754385964912,14701754.385964911,7000000.0,7000000.0,8554387.45875502,9266894.123228014
147.4436090225564,14744360.90225564,7000000.0,7000000.0,8554387.45875502,9266894.123228014
147.86967418546365,14786967.418546366,7000000.0,7000000.0,8554387.45875502,9266894.123228014
148.29573934837092,14829573.934837092,7000000.0,7000000.0,8554387.45875502,9266894.123228014
148.72180451127818,14872180.451127818,7000000.0,7000000.0,8554387.45875502,9266894.123228014
149.14786967418544,14914786.967418544,7000000.0,7000000.0,8554387.45875502,9266894.123228014
149.57393483709274,14957393.483709274,7000000.0,7000000.0,8554387.45875502,9266894.123228014
150.0,15000000.0,7000000.0,7000000.0,8554387.45875502,9266894.123228014
