date,stocks_thousand_bbl
2014-12-05,24905
2014-12-12,27825
2014-12-19,28798
2014-12-26,30793
2015-01-02,32098
2015-01-09,33874
2015-01-16,36783
2015-01-23,38868
2015-01-30,41384
2015-02-06,42598
2015-02-13,46261
2015-02-20,48680
2015-02-27,49216
2015-03-06,51538
2015-03-13,54403
2015-03-20,56314
2015-03-27,58943
2015-04-03,60175
2015-04-10,61462
2015-04-17,62200
2015-04-24,61686
2015-05-01,61674
2015-05-08,60684
2015-05-15,60443
2015-05-22,60010
2015-05-29,59027
2015-06-05,58003
2015-06-12,58115
2015-06-19,56245
2015-06-26,56368
2015-07-03,56667
2015-07-10,57105
2015-07-17,57918
2015-07-24,57706
2015-07-31,57164
2015-08-07,57113
2015-08-14,57439
2015-08-21,57695
2015-08-28,57307
2015-09-04,56410
2015-09-11,54504
2015-09-18,54042
2015-09-25,52974
2015-10-02,53072
2015-10-09,54197
2015-10-16,54119
2015-10-23,53334
2015-10-30,53122
2015-11-06,55359
2015-11-13,56854
2015-11-20,58598
2015-11-27,59026
2015-12-04,59449
2015-12-11,60056
2015-12-18,62101
2015-12-25,62993
2016-01-01,63910
2016-01-08,64007
2016-01-15,64198
2016-01-22,63427
2016-01-29,64174
2016-02-05,64697
2016-02-12,64733
2016-02-19,65066
2016-02-26,66256
2016-03-04,66946
2016-03-11,67491
2016-03-18,66233
2016-03-25,65961
2016-04-01,66318
2016-04-08,64551
2016-04-15,64303
2016-04-22,66049
2016-04-29,66292
2016-05-06,67812
2016-05-13,68273
2016-05-20,67624
2016-05-27,66920
2016-06-03,65557
2016-06-10,66461
2016-06-17,65181
2016-06-24,64230
2016-07-01,64148
2016-07-08,63916
2016-07-15,64105
2016-07-22,65215
2016-07-29,64092
2016-08-05,65255
2016-08-12,64531
2016-08-19,64906
2016-08-26,63867
2016-09-02,63433
2016-09-09,62188
2016-09-16,62714
2016-09-23,62083
2016-09-30,62652
2016-10-07,61334
2016-10-14,59699
2016-10-21,58362
2016-10-28,58451
2016-11-04,58479
2016-11-11,59170
2016-11-18,59083
2016-11-25,61502
2016-12-02,65285
2016-12-09,66508
2016-12-16,66263
2016-12-23,66435
2016-12-30,67509
2017-01-06,66930
2017-01-13,65656
2017-01-20,65372
2017-01-27,64127
2017-02-03,65270
2017-02-10,64568
2017-02-17,63040
2017-02-24,63535
2017-03-03,64402
2017-03-10,66532
2017-03-17,67951
2017-03-24,67731
2017-03-31,69144
2017-04-07,69420
2017-04-14,68642
2017-04-21,67439
2017-04-28,66711
2017-05-05,66273
2017-05-12,66308
2017-05-19,65567
2017-05-26,64820
2017-06-02,63376
2017-06-09,62220
2017-06-16,61140
2017-06-23,60843
2017-06-30,59509
2017-07-07,57561
2017-07-14,57538
2017-07-21,55839
2017-07-28,55800
2017-08-04,56369
2017-08-11,57047
2017-08-18,56544
2017-08-25,57233
2017-09-01,58030
2017-09-08,59053
2017-09-15,59756
2017-09-22,60937
2017-09-29,62462
2017-10-06,63784
2017-10-13,63986
2017-10-20,63749
2017-10-27,63839
2017-11-03,64559
2017-11-10,63055
2017-11-17,61228
2017-11-24,58314
2017-12-01,55561
2017-12-08,52244
2017-12-15,52998
2017-12-22,51414
2017-12-29,48973
2018-01-05,46578
2018-01-12,42394
2018-01-19,39244
2018-01-26,37020
2018-02-02,36309
2018-02-09,32667
2018-02-16,30003
2018-02-23,28785
2018-03-02,28180
2018-03-09,28518
2018-03-16,29423
2018-03-23,31227
2018-03-30,34893
2018-04-06,36022
2018-04-13,34907
2018-04-20,35366
2018-04-27,35782
2018-05-04,37170
2018-05-11,37223
2018-05-18,36100
2018-05-25,35544
2018-06-01,34589
2018-06-08,33902
2018-06-15,32606
2018-06-22,29893
2018-06-29,27780
2018-07-06,25718
2018-07-13,24858
2018-07-20,23731
2018-07-27,22393
2018-08-03,21803
2018-08-10,23446
2018-08-17,24218
2018-08-24,24276
2018-08-31,24825
2018-09-07,23583
2018-09-14,22333
2018-09-21,22794
2018-09-28,24493
2018-10-05,26852
2018-10-12,28628
2018-10-19,29999
2018-10-26,31877
2018-11-02,34296
2018-11-09,35463
2018-11-16,35347
2018-11-23,36524
2018-11-30,38253
2018-12-07,39401
2018-12-14,40492
2018-12-21,41291
2018-12-28,41932
2019-01-04,42262
2019-01-11,41519
2019-01-18,41329
2019-01-25,41184
2019-02-01,42625
2019-02-08,41609
2019-02-15,45022
2019-02-22,46650
2019-03-01,47523
2019-03-08,46851
2019-03-15,46383
2019-03-22,46924
2019-03-29,47125
2019-04-05,45992
2019-04-12,44449
2019-04-19,44912
2019-04-26,45177
2019-05-03,45998
2019-05-10,47803
2019-05-17,49069
2019-05-24,49053
2019-05-31,50844
2019-06-07,52940
2019-06-14,53582
2019-06-21,51836
2019-06-28,52488
2019-07-05,52178
2019-07-12,50827
2019-07-19,50398
2019-07-26,48865
2019-08-02,47361
2019-08-09,44821
2019-08-16,42336
2019-08-23,40356
2019-08-30,40126
2019-09-06,39328
2019-09-13,38681
2019-09-20,40937
2019-09-27,40736
2019-10-04,41677
2019-10-11,42953
2019-10-18,44459
2019-10-25,46031
2019-11-01,47745
2019-11-08,46516
2019-11-15,44221
2019-11-22,44124
2019-11-29,43822
2019-12-06,40429
2019-12-13,40164
2019-12-20,37771
2019-12-27,36322
2020-01-03,35501
2020-01-10,35843
2020-01-17,34882
2020-01-24,35640
2020-01-31,36708
2020-02-07,38376
2020-02-14,38243
2020-02-21,39149
2020-02-28,37178
2020-03-06,37882
2020-03-13,38445
2020-03-20,39303
2020-03-27,42824
2020-04-03,49241
2020-04-10,54965
2020-04-17,59741
2020-04-24,63378
2020-05-01,65446
2020-05-08,62444
2020-05-15,56857
2020-05-22,53462
2020-05-29,51723
2020-06-05,49444
2020-06-12,46836
2020-06-19,45845
2020-06-26,45582
2020-07-03,47788
2020-07-10,48737
2020-07-17,50112
2020-07-24,51421
2020-07-31,51953
2020-08-07,53289
2020-08-14,52682
2020-08-21,52403
2020-08-28,52513
2020-09-04,54351
2020-09-11,54277
2020-09-18,54281
2020-09-25,56066
2020-10-02,56536
2020-10-09,59442
2020-10-16,60417
2020-10-23,59995
2020-10-30,60931
2020-11-06,60413
2020-11-13,61613
2020-11-20,59892
2020-11-27,59575
2020-12-04,58211
2020-12-11,58409
2020-12-18,58383
2020-12-25,58410
2021-01-01,59202
2021-01-08,57227
2021-01-15,52500
2021-01-22,50219
2021-01-29,48702
2021-02-05,48044
2021-02-12,45016
2021-02-19,47823
2021-02-26,48308
2021-03-05,48834
2021-03-12,48210
2021-03-19,46275
2021-03-26,47057
2021-04-02,46322
2021-04-09,46668
2021-04-16,45350
2021-04-23,46072
2021-04-30,46326
2021-05-07,45905
2021-05-14,45763
2021-05-21,44755
2021-05-28,45539
2021-06-04,45704
2021-06-11,43554
2021-06-18,41721
2021-06-25,40261
2021-07-02,39647
2021-07-09,38058
2021-07-16,36711
2021-07-23,35443
2021-07-30,34900
2021-08-06,34575
2021-08-13,33595
2021-08-20,33665
2021-08-27,34501
2021-09-03,36419
2021-09-10,35316
2021-09-17,33840
2021-09-24,33971
2021-10-01,35519
2021-10-08,33551
2021-10-15,31231
2021-10-22,27332
2021-10-29,26416
2021-11-05,26382
2021-11-12,26598
2021-11-19,27385
2021-11-26,28544
2021-12-03,30917
2021-12-10,32211
2021-12-17,33674
2021-12-24,34729
2021-12-31,37306
2022-01-07,34838
2022-01-14,33524
2022-01-21,31701
2022-01-28,30528
2022-02-04,27727
2022-02-11,25827
2022-02-18,23778
2022-02-25,22806
2022-03-04,22221
2022-03-11,24007
2022-03-18,25242
2022-03-25,24233
2022-04-01,25887
2022-04-08,26337
2022-04-15,26152
2022-04-22,27450
2022-04-29,28829
2022-05-06,28242
2022-05-13,25839
2022-05-20,24778
2022-05-27,25034
2022-06-03,23441
2022-06-10,22615
2022-06-17,22043
2022-06-24,21261
2022-07-01,21330
2022-07-08,21646
2022-07-15,22789
2022-07-22,23540
2022-07-29,24466
2022-08-05,25189
2022-08-12,25381
2022-08-19,25807
2022-08-26,25284
2022-09-02,24783
2022-09-09,24648
2022-09-16,24991
2022-09-23,25683
2022-09-30,25956
2022-10-07,25647
2022-10-14,26230
2022-10-21,26897
2022-10-28,28164
2022-11-04,27241
2022-11-11,25617
2022-11-18,24730
2022-11-25,24315
2022-12-02,23942
2022-12-09,24368
2022-12-16,25221
2022-12-23,25026
2022-12-30,25270
2023-01-06,27781
2023-01-13,31427
2023-01-20,35694
2023-01-27,38009
2023-02-03,39052
2023-02-10,39711
2023-02-17,40411
2023-02-24,40718
2023-03-03,39828
2023-03-10,37912
2023-03-17,36849
2023-03-24,35217
2023-03-31,34247
2023-04-07,33838
2023-04-14,32750
2023-04-21,33069
2023-04-28,33610
2023-05-05,34007
2023-05-12,35468
2023-05-19,37230
2023-05-26,38858
2023-06-02,40579
2023-06-09,42133
2023-06-16,42035
2023-06-23,43244
2023-06-30,42844
2023-07-07,41239
2023-07-14,38348
2023-07-21,35739
2023-07-28,34480
2023-08-04,34639
2023-08-11,33802
2023-08-18,30669
2023-08-25,29165
2023-09-01,27415
2023-09-08,24965
2023-09-15,22901
2023-09-22,21958
2023-09-29,22090
2023-10-06,21771
2023-10-13,21013
2023-10-20,21226
2023-10-27,21498
2023-11-03,23085
2023-11-10,25010
2023-11-17,25868
2023-11-24,27722
2023-12-01,29551
2023-12-08,30779
2023-12-15,32465
2023-12-22,33973
2023-12-29,34679
2024-01-05,34173
2024-01-12,32074
2024-01-19,30066
2024-01-26,28094
2024-02-02,28061
2024-02-09,28771
2024-02-16,29512
2024-02-23,30970
2024-03-01,31671
2024-03-08,31451
2024-03-15,31433
2024-03-22,33540
2024-03-29,33163
