date,contract_1,contract_2,contract_3,contract_4
2015-01-31,47.33,47.90,48.72,49.62
2015-02-28,50.73,51.82,53.13,54.45
2015-03-31,47.85,49.62,51.17,52.44
2015-04-30,54.63,56.13,57.17,57.84
2015-05-31,59.37,60.16,60.59,60.91
2015-06-30,59.83,60.22,60.53,60.78
2015-07-31,50.93,51.34,51.81,52.38
2015-08-31,42.89,43.48,44.34,45.14
2015-09-30,45.47,45.96,46.55,47.18
2015-10-31,46.25,46.89,47.63,48.30
2015-11-30,42.92,44.12,45.12,45.96
2015-12-31,37.33,38.60,39.66,40.52
2016-01-31,31.78,33.04,34.21,35.23
2016-02-29,30.62,32.57,34.17,35.40
2016-03-31,37.96,39.50,40.44,41.14
2016-04-30,41.13,42.29,43.03,43.52
2016-05-31,46.80,47.40,47.82,48.18
2016-06-30,48.84,49.46,49.97,50.41
2016-07-31,44.80,45.52,46.19,46.87
2016-08-31,44.80,45.49,46.20,46.88
2016-09-30,45.23,45.81,46.44,47.05
2016-10-31,49.87,50.38,50.94,51.47
2016-11-30,45.87,46.56,47.29,47.98
2016-12-31,52.17,53.14,53.99,54.64
2017-01-31,52.61,53.39,54.10,54.72
2017-02-28,53.46,53.93,54.32,54.64
2017-03-31,49.67,50.22,50.61,50.91
2017-04-30,51.12,51.52,51.84,52.09
2017-05-31,48.54,48.86,49.12,49.34
2017-06-30,45.20,45.43,45.65,45.87
2017-07-31,46.68,46.84,47.02,47.22
2017-08-31,48.06,48.30,48.51,48.68
2017-09-30,49.88,50.31,50.64,50.88
2017-10-31,51.69,51.96,52.15,52.28
2017-11-30,56.54,56.71,56.78,56.80
2017-12-31,57.95,57.99,57.97,57.90
2018-01-31,63.55,63.46,63.27,63.01
2018-02-28,62.16,61.97,61.63,61.21
2018-03-31,62.87,62.80,62.54,62.13
2018-04-30,66.33,66.27,65.98,65.49
2018-05-31,69.89,69.84,69.53,69.06
2018-06-30,67.32,66.82,66.24,65.80
2018-07-31,70.74,69.22,67.81,67.28
2018-08-31,67.85,67.15,66.81,66.51
2018-09-30,70.07,69.81,69.63,69.43
2018-10-31,70.76,70.74,70.73,70.71
2018-11-30,56.60,56.78,56.94,57.11
2018-12-31,48.68,48.97,49.25,49.57
2019-01-31,51.38,51.68,52.02,52.41
2019-02-28,55.01,55.39,55.88,56.37
2019-03-31,58.17,58.47,58.78,59.10
2019-04-30,63.88,63.93,63.94,63.86
2019-05-31,60.77,60.90,60.96,60.92
2019-06-30,54.71,54.88,54.92,54.88
2019-07-31,57.54,57.63,57.63,57.57
2019-08-31,54.84,54.74,54.49,54.18
2019-09-30,56.88,56.75,56.42,55.97
2019-10-31,54.01,54.05,53.95,53.74
2019-11-30,57.12,57.13,56.95,56.63
2019-12-31,59.86,59.74,59.44,59.05
2020-01-31,57.53,57.50,57.38,57.15
2020-02-29,50.54,50.73,50.93,51.08
2020-03-31,30.45,31.66,32.83,33.76
2020-04-30,16.70,24.08,27.48,29.17
2020-05-31,28.53,29.31,30.30,31.10
2020-06-30,38.31,38.53,38.74,38.90
2020-07-31,40.77,40.94,41.13,41.29
2020-08-31,42.39,42.66,42.98,43.28
2020-09-30,39.63,39.92,40.28,40.67
2020-10-31,39.56,39.85,40.19,40.52
2020-11-30,41.13,41.39,41.68,41.95
2020-12-31,47.07,47.23,47.34,47.41
2021-01-31,52.10,52.10,52.01,51.84
2021-02-28,59.06,58.95,58.63,58.17
2021-03-31,62.36,62.32,62.05,61.61
2021-04-30,61.70,61.70,61.53,61.21
2021-05-31,65.16,65.07,64.80,64.39
2021-06-30,71.35,70.98,70.28,69.51
2021-07-31,72.43,71.84,70.95,70.08
2021-08-31,67.71,67.43,67.04,66.60
2021-09-30,71.55,71.28,70.86,70.37
2021-10-31,81.22,80.45,79.50,78.56
2021-11-30,79.18,78.23,77.16,76.11
2021-12-31,71.69,71.46,71.12,70.74
2022-01-31,82.98,82.15,81.30,80.47
2022-02-28,91.63,90.04,88.36,86.77
2022-03-31,108.26,105.63,102.52,99.42
2022-04-30,101.64,100.72,99.60,98.31
2022-05-31,109.26,107.12,104.69,102.28
2022-06-30,114.34,111.87,109.20,106.71
2022-07-31,99.39,96.68,94.17,91.99
2022-08-31,91.48,90.83,90.14,89.35
2022-09-30,83.80,83.31,82.60,81.76
2022-10-31,87.03,85.93,84.68,83.38
2022-11-30,84.39,83.89,83.26,82.58
2022-12-31,76.52,76.62,76.67,76.65
2023-01-31,78.16,78.44,78.65,78.73
2023-02-28,76.86,77.09,77.23,77.18
2023-03-31,73.37,73.52,73.54,73.38
2023-04-30,79.44,79.38,79.05,78.51
2023-05-31,71.62,71.62,71.43,71.10
2023-06-30,70.27,70.44,70.38,70.20
2023-07-31,76.03,75.86,75.56,75.22
2023-08-31,81.32,80.81,80.35,79.89
2023-09-30,89.43,88.34,87.15,85.99
2023-10-31,85.47,84.28,83.10,82.05
2023-11-30,77.38,77.39,77.28,77.09
2023-12-31,72.12,72.37,72.57,72.71
2024-01-31,73.86,73.84,73.81,73.73
2024-02-29,76.61,76.25,75.93,75.55
2024-03-31,80.41,79.84,79.29,78.67
2024-04-30,85.56,84.71,83.84,82.92
