date,near,deferred,gross_spread,storage_cost,financing_cost,insurance_cost,handling_cost,total_carry_cost,net_carry,breakeven_monthly_storage
2015-01-31,47.33,49.62,2.289999999999999,1.5,0.7153013482619769,0.0354975,0.2,2.450798848261977,-0.16079884826197777,0.44640038391267406
2015-02-28,50.73,54.45,3.720000000000006,1.5,0.7666857679554212,0.0380475,0.2,2.5047332679554213,1.2152667320445847,0.9050889106815282
2015-03-31,47.85,52.44,4.589999999999996,1.5,0.7231601418621508,0.0358875,0.2,2.459047641862151,2.1309523581378453,1.210317452712615
2015-04-30,54.63,57.84,3.210000000000001,1.5,0.8256267199567252,0.0409725,0.2,2.566599219956725,0.6434007800432757,0.714466926681092
2015-05-31,59.37,60.91,1.5399999999999991,1.5,0.8972626462352328,0.0445275,0.2,2.6417901462352327,-1.1017901462352335,0.13273661792158883
2015-06-30,59.83,60.78,0.9500000000000028,1.5,0.9042146559584635,0.0448725,0.2,2.6490871559584637,-1.6990871559584606,-0.06636238531948686
2015-07-31,50.93,52.38,1.4500000000000028,1.5,0.7697083808785651,0.0381975,0.2,2.507905880878565,-1.0579058808785622,0.1473647063738126
2015-08-31,42.89,45.14,2.25,1.5,0.6481993413681849,0.0321675,0.2,2.380366841368185,-0.13036684136818488,0.45654438621060506
2015-09-30,45.47,47.18,1.7100000000000009,1.5,0.6871910480767397,0.0341025,0.2,2.42129354807674,-0.7112935480767388,0.2629021506410871
2015-10-31,46.25,48.3,2.049999999999997,1.5,0.6989792384770005,0.0346875,0.2,2.4336667384770005,-0.3836667384770034,0.3721110871743322
2015-11-30,42.92,45.96,3.039999999999999,1.5,0.6486527333066565,0.03219,0.2,2.3808427333066566,0.6591572666933425,0.7197190888977808
2015-12-31,37.33,40.52,3.190000000000005,1.5,0.5641707021047876,0.027997499999999998,0.2,2.2921682021047873,0.8978317978952173,0.7992772659650725
2016-01-31,31.78,35.23,3.4499999999999957,1.5,0.4802931934875476,0.023835000000000002,0.2,2.2041281934875476,1.245871806512448,0.915290602170816
2016-02-29,30.62,35.4,4.779999999999998,1.5,0.46276203853331366,0.022965000000000003,0.2,2.1857270385333134,2.594272961466684,1.3647576538222281
2016-03-31,37.96,41.14,3.1799999999999997,1.5,0.5736919328126906,0.028470000000000002,0.2,2.3021619328126905,0.8778380671873092,0.7926126890624364
2016-04-30,41.13,43.52,2.3900000000000006,1.5,0.6216003476445197,0.030847500000000003,0.2,2.3524478476445196,0.03755215235548093,0.5125173841184937
2016-05-31,46.8,48.18,1.3800000000000026,1.5,0.7072914240156458,0.0351,0.2,2.442391424015646,-1.0623914240156433,0.1458695253281189
2016-06-30,48.84,50.41,1.5699999999999932,1.5,0.7381220758317126,0.03663,0.2,2.474752075831713,-0.9047520758317196,0.19841597472276015
2016-07-31,44.8,46.87,2.0700000000000003,1.5,0.677065294784208,0.0336,0.2,2.410665294784208,-0.3406652947842077,0.3864449017385974
2016-08-31,44.8,46.88,2.0800000000000054,1.5,0.677065294784208,0.0336,0.2,2.410665294784208,-0.3306652947842026,0.3897782350719325
2016-09-30,45.23,47.05,1.8200000000000003,1.5,0.6835639125689671,0.0339225,0.2,2.417486412568967,-0.5974864125689667,0.3008378624770111
2016-10-31,49.87,51.47,1.6000000000000014,1.5,0.7536885323859029,0.0374025,0.2,2.491091032385903,-0.8910910323859016,0.20296965587136614
2016-11-30,45.87,47.98,2.1099999999999994,1.5,0.6932362739230272,0.034402499999999996,0.2,2.427638773923027,-0.31763877392302775,0.39412040869232406
2016-12-31,52.17,54.64,2.469999999999999,1.5,0.7884485810020566,0.0391275,0.2,2.5275760810020564,-0.0575760810020578,0.48080797299931405
2017-01-31,52.61,54.72,2.1099999999999994,1.5,0.7950983294329729,0.0394575,0.2,2.534555829432973,-0.42455582943297343,0.3584813901890089
2017-02-28,53.46,54.64,1.1799999999999997,1.5,0.807944434356334,0.040095,0.2,2.548039434356334,-1.3680394343563342,0.043986855214555254
2017-03-31,49.67,50.91,1.2399999999999949,1.5,0.7506659194627593,0.0372525,0.2,2.4879184194627593,-1.2479184194627644,0.08402719351241188
2017-04-30,51.12,52.09,0.970000000000006,1.5,0.7725798631555516,0.03834,0.2,2.510919863155552,-1.5409198631555456,-0.013639954385181877
2017-05-31,48.54,49.34,0.8000000000000043,1.5,0.7335881564469968,0.036405,0.2,2.469993156446997,-1.6699931564469925,-0.05666438548233085
2017-06-30,45.2,45.87,0.6699999999999946,1.5,0.6831105206304957,0.0339,0.2,2.4170105206304955,-1.747010520630501,-0.08233684021016703
2017-07-31,46.68,47.22,0.5399999999999991,1.5,0.7054778562617596,0.03501,0.2,2.4404878562617593,-1.9004878562617604,-0.13349595208725348
2017-08-31,48.06,48.68,0.6199999999999974,1.5,0.7263338854314518,0.036045,0.2,2.462378885431452,-1.8423788854314544,-0.11412629514381815
2017-09-30,49.88,50.88,1.0,1.5,0.7538396630320603,0.037410000000000006,0.2,2.49124966303206,-1.4912496630320604,0.0029167789893131957
2017-10-31,51.69,52.28,0.5900000000000034,1.5,0.7811943099865114,0.038767499999999996,0.2,2.519961809986511,-1.929961809986508,-0.14332060332883598
2017-11-30,56.54,56.8,0.259999999999998,1.5,0.8544926733727483,0.042405,0.2,2.596897673372748,-2.33689767337275,-0.2789658911242501
2017-12-31,57.95,57.9,-0.05000000000000426,1.5,0.8758020944809121,0.0434625,0.2,2.619264594480912,-2.669264594480916,-0.38975486482697214
2018-01-31,63.55,63.01,-0.5399999999999991,1.5,0.9604352563289379,0.0476625,0.2,2.7080977563289377,-3.248097756328937,-0.5826992521096457
2018-02-28,62.16,61.21,-0.9499999999999957,1.5,0.9394280965130886,0.04662,0.2,2.6860480965130886,-3.6360480965130844,-0.7120160321710282
2018-03-31,62.87,62.13,-0.7399999999999949,1.5,0.950158372390249,0.0471525,0.2,2.697310872390249,-3.4373108723902437,-0.645770290796748
2018-04-30,66.33,65.49,-0.8400000000000034,1.5,1.0024495759606367,0.0497475,0.2,2.7521970759606367,-3.59219707596064,-0.6973990253202134
2018-05-31,69.89,69.06,-0.8299999999999983,1.5,1.056252085992596,0.0524175,0.2,2.808669585992596,-3.638669585992594,-0.7128898619975313
2018-06-30,67.32,65.8,-1.519999999999996,1.5,1.0174115099301981,0.05048999999999999,0.2,2.767901509930198,-4.287901509930194,-0.9293005033100646
2018-07-31,70.74,67.28,-3.4599999999999937,1.5,1.069098190915957,0.053055,0.2,2.822153190915957,-6.282153190915951,-1.5940510636386502
2018-08-31,67.85,66.51,-1.3399999999999892,1.5,1.0254214341765293,0.050887499999999995,0.2,2.7763089341765292,-4.116308934176518,-0.8721029780588395
2018-09-30,70.07,69.43,-0.6399999999999864,1.5,1.0589724376234253,0.052552499999999995,0.2,2.8115249376234255,-3.451524937623412,-0.6505083125411372
2018-10-31,70.76,70.71,-0.05000000000001137,1.5,1.0694004522082716,0.053070000000000006,0.2,2.8224704522082718,-2.872470452208283,-0.4574901507360943
2018-11-30,56.6,57.11,0.509999999999998,1.5,0.8553994572496915,0.04245,0.2,2.5978494572496915,-2.0878494572496935,-0.19594981908323117
2018-12-31,48.68,49.57,0.8900000000000006,1.5,0.7357039854931975,0.03651,0.2,2.4722139854931973,-1.582213985493197,-0.02740466183106564
2019-01-31,51.38,52.41,1.029999999999994,1.5,0.7765092599556387,0.038535,0.2,2.515044259955639,-1.4850442599556446,0.004985246681451801
2019-02-28,55.01,56.37,1.3599999999999994,1.5,0.8313696845106983,0.0412575,0.2,2.572627184510698,-1.2126271845106988,0.09579093849643372
2019-03-31,58.17,59.1,0.9299999999999997,1.5,0.8791269686963702,0.0436275,0.2,2.62275446869637,-1.6927544686963705,-0.06425148956545683
2019-04-30,63.88,63.86,-0.020000000000003126,1.5,0.9654225676521253,0.04791,0.2,2.713332567652125,-2.7333325676521283,-0.4111108558840428
2019-05-31,60.77,60.92,0.14999999999999858,1.5,0.9184209366972395,0.0455775,0.2,2.6639984366972396,-2.513998436697241,-0.33799947889908033
2019-06-30,54.71,54.88,0.1700000000000017,1.5,0.8268357651259827,0.0410325,0.2,2.5678682651259828,-2.397868265125981,-0.29928942170866035
2019-07-31,57.54,57.57,0.030000000000001137,1.5,0.8696057379884672,0.043155,0.2,2.6127607379884674,-2.5827607379884663,-0.36092024599615535
2019-08-31,54.84,54.18,-0.6600000000000037,1.5,0.8288004635260262,0.04113000000000001,0.2,2.5699304635260263,-3.22993046352603,-0.57664348784201
2019-09-30,56.88,55.97,-0.9100000000000037,1.5,0.8596311153420928,0.042660000000000003,0.2,2.602291115342093,-3.5122911153420966,-0.6707637051140322
2019-10-31,54.01,53.74,-0.269999999999996,1.5,0.8162566198949793,0.0405075,0.2,2.5567641198949795,-2.8267641198949756,-0.44225470663165845
2019-11-30,57.12,56.63,-0.4899999999999949,1.5,0.8632582508498652,0.042839999999999996,0.2,2.606098250849865,-3.09609825084986,-0.5320327502832867
2019-12-31,59.86,59.05,-0.8100000000000023,1.5,0.9046680478969351,0.044895,0.2,2.649563047896935,-3.4595630478969372,-0.6531876826323125
2020-01-31,57.53,57.15,-0.38000000000000256,1.5,0.8694546073423101,0.0431475,0.2,2.61260210734231,-2.9926021073423126,-0.4975340357807709
2020-02-29,50.54,51.08,0.5399999999999991,1.5,0.7638142856784347,0.037905,0.2,2.5017192856784347,-1.9617192856784356,-0.15390642855947853
2020-03-31,30.45,33.76,3.3099999999999987,1.5,0.4601928175486414,0.0228375,0.2,2.183030317548641,1.1269696824513573,0.8756565608171192
2020-04-30,16.7,29.17,12.470000000000002,1.5,0.2523881790825061,0.012525,0.2,1.964913179082506,10.505086820917496,4.001695606972499
2020-05-31,28.53,31.1,2.5700000000000003,1.5,0.4311757334864611,0.0213975,0.2,2.152573233486461,0.41742676651353916,0.6391422555045131
2020-06-30,38.31,38.9,0.5899999999999963,1.5,0.5789815054281923,0.0287325,0.2,2.3077140054281924,-1.717714005428196,-0.07257133514273202
2020-07-31,40.77,41.29,0.519999999999996,1.5,0.6161596443828609,0.030577500000000004,0.2,2.346737144382861,-1.8267371443828648,-0.10891238146095494
2020-08-31,42.39,43.28,0.8900000000000006,1.5,0.6406428090603254,0.0317925,0.2,2.372435309060325,-1.4824353090603248,0.005854896979891722
2020-09-30,39.63,40.67,1.0399999999999991,1.5,0.5989307507209413,0.029722500000000002,0.2,2.328653250720941,-1.288653250720942,0.07044891642635265
2020-10-31,39.56,40.52,0.9600000000000009,1.5,0.5978728361978409,0.029670000000000002,0.2,2.327542836197841,-1.3675428361978401,0.044152387934053294
2020-11-30,41.13,41.95,0.8200000000000003,1.5,0.6216003476445197,0.030847500000000003,0.2,2.3524478476445196,-1.5324478476445194,-0.010815949214839785
2020-12-31,47.07,47.41,0.3399999999999963,1.5,0.71137195146189,0.0353025,0.2,2.44667445146189,-2.1066744514618936,-0.2022248171539646
2021-01-31,52.1,51.84,-0.259999999999998,1.5,0.7873906664789563,0.039075,0.2,2.5264656664789564,-2.7864656664789544,-0.42882188882631805
2021-02-28,59.06,58.17,-0.8900000000000006,1.5,0.8925775962043601,0.044295,0.2,2.63687259620436,-3.5268725962043606,-0.6756241987347869
2021-03-31,62.36,61.61,-0.75,1.5,0.9424507094362324,0.04677,0.2,2.689220709436232,-3.439220709436232,-0.6464069031454108
2021-04-30,61.7,61.21,-0.490000000000002,1.5,0.932476086789858,0.046275000000000004,0.2,2.678751086789858,-3.16875108678986,-0.5562503622632867
2021-05-31,65.16,64.39,-0.769999999999996,1.5,0.9847672903602454,0.04887,0.2,2.733637290360245,-3.503637290360241,-0.6678790967867471
2021-06-30,71.35,69.51,-1.8399999999999892,1.5,1.0783171603315456,0.0535125,0.2,2.831829660331546,-4.671829660331535,-1.057276553443845
2021-07-31,72.43,70.08,-2.3500000000000085,1.5,1.0946392701165222,0.05432250000000001,0.2,2.848961770116522,-5.198961770116531,-1.2329872567055102
2021-08-31,67.71,66.6,-1.1099999999999994,1.5,1.0233056051303286,0.050782499999999994,0.2,2.7740881051303283,-3.8840881051303278,-0.7946960350434426
2021-09-30,71.55,70.37,-1.1799999999999926,1.5,1.0813397732546894,0.0536625,0.2,2.8350022732546893,-4.015002273254682,-0.838334091084894
2021-10-31,81.22,78.56,-2.6599999999999966,1.5,1.2274831080886914,0.060915000000000004,0.2,2.9883981080886914,-5.6483981080886885,-1.3827993693628962
2021-11-30,79.18,76.11,-3.0700000000000074,1.5,1.196652456272625,0.05938500000000001,0.2,2.9560374562726253,-6.026037456272633,-1.5086791520908776
2021-12-31,71.69,70.74,-0.9500000000000028,1.5,1.08345560230089,0.0537675,0.2,2.8372231023008903,-3.787223102300893,-0.7624077007669644
2022-01-31,82.98,80.47,-2.510000000000005,1.5,1.254082101812357,0.062235000000000006,0.2,3.0163171018123567,-5.526317101812362,-1.3421057006041206
2022-02-28,91.63,86.77,-4.859999999999999,1.5,1.3848101107383255,0.06872249999999999,0.2,3.1535326107383255,-8.013532610738325,-2.1711775369127753
2022-03-31,108.26,99.42,-8.840000000000003,1.5,1.6361403752977315,0.081195,0.2,3.417335375297731,-12.257335375297735,-3.5857784584325785
2022-04-30,101.64,98.31,-3.3299999999999983,1.5,1.536091887541672,0.07623,0.2,3.312321887541672,-6.64232188754167,-1.7141072958472234
2022-05-31,109.26,102.28,-6.980000000000004,1.5,1.6512534399134504,0.081945,0.2,3.4331984399134505,-10.413198439913455,-2.9710661466378183
2022-06-30,114.34,106.71,-7.63000000000001,1.5,1.7280278081613025,0.085755,0.2,3.5137828081613027,-11.143782808161312,-3.214594269387104
2022-07-31,99.39,91.99,-7.400000000000006,1.5,1.5020874921563043,0.0745425,0.2,3.2766299921563045,-10.67662999215631,-3.0588766640521032
2022-08-31,91.48,89.35,-2.1300000000000097,1.5,1.3825431510459678,0.06861,0.2,3.1511531510459676,-5.281153151045977,-1.2603843836819923
2022-09-30,83.8,81.76,-2.039999999999992,1.5,1.2664748147972462,0.06285,0.2,3.0293248147972465,-5.0693248147972385,-1.189774938265746
2022-10-31,87.03,83.38,-3.6500000000000057,1.5,1.3152900135060184,0.0652725,0.2,3.0805625135060186,-6.730562513506024,-1.7435208378353415
2022-11-30,84.39,82.58,-1.8100000000000023,1.5,1.2753915229205204,0.0632925,0.2,3.0386840229205205,-4.848684022920523,-1.1162280076401743
2022-12-31,76.52,76.65,0.13000000000000966,1.5,1.1564517043948124,0.05739,0.2,2.9138417043948124,-2.7838417043948027,-0.4279472347982676
2023-01-31,78.16,78.73,0.5700000000000074,1.5,1.1812371303645914,0.05862,0.2,2.939857130364591,-2.3698571303645837,-0.28995237678819463
2023-02-28,76.86,77.18,0.3200000000000074,1.5,1.161590146364157,0.057645,0.2,2.919235146364157,-2.5992351463641494,-0.36641171545471646
2023-03-31,73.37,73.38,0.009999999999990905,1.5,1.108845550855298,0.05502750000000001,0.2,2.8638730508552976,-2.8538730508553067,-0.451291016951769
2023-04-30,79.44,78.51,-0.9299999999999926,1.5,1.2005818530727117,0.05958,0.2,2.9601618530727114,-3.890161853072704,-0.7967206176909013
2023-05-31,71.62,71.1,-0.5200000000000102,1.5,1.0823976877777899,0.053715000000000006,0.2,2.83611268777779,-3.3561126877778,-0.6187042292592667
2023-06-30,70.27,70.2,-0.06999999999999318,1.5,1.0619950505465692,0.0527025,0.2,2.814697550546569,-2.884697550546562,-0.4615658501821875
2023-07-31,76.03,75.22,-0.8100000000000023,1.5,1.1490463027331101,0.057022500000000004,0.2,2.90606880273311,-3.7160688027331124,-0.7386896009110374
2023-08-31,81.32,79.89,-1.4299999999999926,1.5,1.2289944145502631,0.060989999999999996,0.2,2.989984414550263,-4.419984414550256,-0.9733281381834186
2023-09-30,89.43,85.99,-3.440000000000012,1.5,1.351561368583744,0.06707250000000001,0.2,3.118633868583744,-6.558633868583756,-1.6862112895279189
2023-10-31,85.47,82.05,-3.4200000000000017,1.5,1.291713632705497,0.0641025,0.2,3.055816132705497,-6.475816132705498,-1.6586053775684995
2023-11-30,77.38,77.09,-0.28999999999999204,1.5,1.1694489399643306,0.058034999999999996,0.2,2.927483939964331,-3.217483939964323,-0.5724946466547742
2023-12-31,72.12,72.71,0.5899999999999892,1.5,1.0899542200856494,0.054090000000000006,0.2,2.8440442200856495,-2.2540442200856603,-0.2513480733618867
2024-01-31,73.86,73.73,-0.12999999999999545,1.5,1.1162509525170001,0.055395,0.2,2.8716459525170004,-3.001645952516996,-0.5005486508389986
2024-02-29,76.61,75.55,-1.0600000000000023,1.5,1.1578118802102273,0.0574575,0.2,2.915269380210227,-3.9752693802102295,-0.8250897934034098
2024-03-31,80.41,78.67,-1.7399999999999949,1.5,1.2152415257499591,0.0603075,0.2,2.975549025749959,-4.715549025749954,-1.0718496752499846
