month,hedge_ratio,physical_flat_price_effect,futures_hedge_effect,residual_flat_price_effect,reported_revenue_surprise,attribution_check
2015-02,0.00,160000.00,0.00,160000.00,159999.83,0.17
2015-02,0.25,160000.00,-38000.00,122000.00,121999.92,0.08
2015-02,0.50,160000.00,-76000.00,84000.00,84000.00,0.00
2015-02,0.75,160000.00,-114000.00,46000.00,46000.08,-0.08
2015-02,1.00,160000.00,-152000.00,8000.00,8000.17,-0.17
2015-03,0.00,-204000.00,0.00,-204000.00,-203999.83,-0.17
2015-03,0.25,-204000.00,54000.00,-150000.00,-149999.84,-0.16
2015-03,0.50,-204000.00,108000.00,-96000.00,-95999.84,-0.16
2015-03,0.75,-204000.00,162000.00,-42000.00,-41999.84,-0.16
2015-03,1.00,-204000.00,216000.00,12000.00,12000.15,-0.15
2015-04,0.00,1202000.00,0.00,1202000.00,1202000.15,-0.15
2015-04,0.25,1202000.00,-300750.00,901250.00,901250.09,-0.09
2015-04,0.50,1202000.00,-601500.00,600500.00,600500.02,-0.02
2015-04,0.75,1202000.00,-902250.00,299750.00,299749.96,0.04
2015-04,1.00,1202000.00,-1203000.00,-1000.00,-1000.11,0.11
2015-05,0.00,62000.00,0.00,62000.00,61999.89,0.11
2015-05,0.25,62000.00,-16750.00,45250.00,45249.94,0.06
2015-05,0.50,62000.00,-33500.00,28500.00,28499.98,0.02
2015-05,0.75,62000.00,-50250.00,11750.00,11750.03,-0.03
2015-05,1.00,62000.00,-67000.00,-5000.00,-4999.92,-0.08
2015-06,0.00,-82000.00,0.00,-82000.00,-81999.92,-0.08
2015-06,0.25,-82000.00,20750.00,-61250.00,-61249.97,-0.03
2015-06,0.50,-82000.00,41500.00,-40500.00,-40500.02,0.02
2015-06,0.75,-82000.00,62250.00,-19750.00,-19750.07,0.07
2015-06,1.00,-82000.00,83000.00,1000.00,999.88,0.12
2015-07,0.00,-1236000.00,0.00,-1236000.00,-1236000.12,0.12
2015-07,0.25,-1236000.00,308750.00,-927250.00,-927250.06,0.06
2015-07,0.50,-1236000.00,617500.00,-618500.00,-618500.01,0.01
2015-07,0.75,-1236000.00,926250.00,-309750.00,-309749.95,-0.05
2015-07,1.00,-1236000.00,1235000.00,-1000.00,-999.89,-0.11
2015-08,0.00,208000.00,0.00,208000.00,208000.11,-0.11
2015-08,0.25,208000.00,-52000.00,156000.00,156000.06,-0.06
2015-08,0.50,208000.00,-104000.00,104000.00,104000.02,-0.02
2015-08,0.75,208000.00,-156000.00,52000.00,51999.97,0.03
2015-08,1.00,208000.00,-208000.00,-0.00,-0.08,0.08
2015-09,0.00,-414000.00,0.00,-414000.00,-414000.08,0.08
2015-09,0.25,-414000.00,102750.00,-311250.00,-311250.06,0.06
2015-09,0.50,-414000.00,205500.00,-208500.00,-208500.05,0.05
2015-09,0.75,-414000.00,308250.00,-105750.00,-105750.03,0.03
2015-09,1.00,-414000.00,411000.00,-3000.00,-3000.02,0.02
2015-10,0.00,151000.00,0.00,151000.00,150999.98,0.02
2015-10,0.25,151000.00,-37500.00,113500.00,113499.98,0.02
2015-10,0.50,151000.00,-75000.00,76000.00,75999.98,0.02
2015-10,0.75,151000.00,-112500.00,38500.00,38499.98,0.02
2015-10,1.00,151000.00,-150000.00,1000.00,999.98,0.02
2015-11,0.00,-616000.00,0.00,-616000.00,-616000.02,0.02
2015-11,0.25,-616000.00,123500.00,-492500.00,-492500.05,0.05
2015-11,0.50,-616000.00,247000.00,-369000.00,-369000.08,0.08
2015-11,0.75,-616000.00,370500.00,-245500.00,-245500.12,0.12
2015-11,1.00,-616000.00,494000.00,-122000.00,-122000.15,0.15
2015-12,0.00,-452000.00,0.00,-452000.00,-452000.15,0.15
2015-12,0.25,-452000.00,115250.00,-336750.00,-336750.14,0.14
2015-12,0.50,-452000.00,230500.00,-221500.00,-221500.12,0.12
2015-12,0.75,-452000.00,345750.00,-106250.00,-106250.11,0.11
2015-12,1.00,-452000.00,461000.00,9000.00,8999.91,0.09
2016-01,0.00,-338000.00,0.00,-338000.00,-338000.09,0.09
2016-01,0.25,-338000.00,85500.00,-252500.00,-252500.04,0.04
2016-01,0.50,-338000.00,171000.00,-167000.00,-166999.99,-0.01
2016-01,0.75,-338000.00,256500.00,-81500.00,-81499.94,-0.06
2016-01,1.00,-338000.00,342000.00,4000.00,4000.11,-0.11
2016-02,0.00,-88000.00,0.00,-88000.00,-87999.89,-0.11
2016-02,0.25,-88000.00,-3250.00,-91250.00,-91249.92,-0.08
2016-02,0.50,-88000.00,-6500.00,-94500.00,-94499.95,-0.05
2016-02,0.75,-88000.00,-9750.00,-97750.00,-97749.97,-0.03
2016-02,1.00,-88000.00,-13000.00,-101000.00,-101000.00,0.00
2016-03,0.00,319000.00,0.00,319000.00,319000.00,0.00
2016-03,0.25,319000.00,-114750.00,204250.00,204250.00,-0.00
2016-03,0.50,319000.00,-229500.00,89500.00,89499.99,0.01
2016-03,0.75,319000.00,-344250.00,-25250.00,-25250.01,0.01
2016-03,1.00,319000.00,-459000.00,-140000.00,-140000.02,0.02
2016-04,0.00,764000.00,0.00,764000.00,763999.98,0.02
2016-04,0.25,764000.00,-189500.00,574500.00,574500.03,-0.03
2016-04,0.50,764000.00,-379000.00,385000.00,385000.08,-0.08
2016-04,0.75,764000.00,-568500.00,195500.00,195500.13,-0.13
2016-04,1.00,764000.00,-758000.00,6000.00,6000.18,-0.18
2016-05,0.00,318000.00,0.00,318000.00,318000.18,-0.18
2016-05,0.25,318000.00,-79500.00,238500.00,238500.18,-0.18
2016-05,0.50,318000.00,-159000.00,159000.00,159000.17,-0.17
2016-05,0.75,318000.00,-238500.00,79500.00,79500.16,-0.16
2016-05,1.00,318000.00,-318000.00,0.00,0.15,-0.15
2016-06,0.00,-83000.00,0.00,-83000.00,-82999.85,-0.15
2016-06,0.25,-83000.00,19250.00,-63750.00,-63749.93,-0.07
2016-06,0.50,-83000.00,38500.00,-44500.00,-44500.02,0.02
2016-06,0.75,-83000.00,57750.00,-25250.00,-25250.10,0.10
2016-06,1.00,-83000.00,77000.00,-6000.00,-6000.18,0.18
2016-07,0.00,-679000.00,0.00,-679000.00,-679000.18,0.18
2016-07,0.25,-679000.00,168250.00,-510750.00,-510750.10,0.10
2016-07,0.50,-679000.00,336500.00,-342500.00,-342500.02,0.02
2016-07,0.75,-679000.00,504750.00,-174250.00,-174249.93,-0.07
2016-07,1.00,-679000.00,673000.00,-6000.00,-5999.85,-0.15
2016-08,0.00,308000.00,0.00,308000.00,308000.15,-0.15
2016-08,0.25,308000.00,-77500.00,230500.00,230500.10,-0.10
2016-08,0.50,308000.00,-155000.00,153000.00,153000.04,-0.04
2016-08,0.75,308000.00,-232500.00,75500.00,75499.98,0.02
2016-08,1.00,308000.00,-310000.00,-2000.00,-2000.08,0.08
2016-09,0.00,302000.00,0.00,302000.00,301999.92,0.08
2016-09,0.25,302000.00,-88500.00,213500.00,213499.90,0.10
2016-09,0.50,302000.00,-177000.00,125000.00,124999.88,0.12
2016-09,0.75,302000.00,-265500.00,36500.00,36499.86,0.14
2016-09,1.00,302000.00,-354000.00,-52000.00,-52000.17,0.17
2016-10,0.00,-141000.00,0.00,-141000.00,-141000.17,0.17
2016-10,0.25,-141000.00,34500.00,-106500.00,-106500.14,0.14
2016-10,0.50,-141000.00,69000.00,-72000.00,-72000.11,0.11
2016-10,0.75,-141000.00,103500.00,-37500.00,-37500.09,0.09
2016-10,1.00,-141000.00,138000.00,-3000.00,-3000.06,0.06
2016-11,0.00,255000.00,0.00,255000.00,254999.94,0.06
2016-11,0.25,255000.00,-64500.00,190500.00,190499.99,0.01
2016-11,0.50,255000.00,-129000.00,126000.00,126000.04,-0.04
2016-11,0.75,255000.00,-193500.00,61500.00,61500.09,-0.09
2016-11,1.00,255000.00,-258000.00,-3000.00,-2999.86,-0.14
2016-12,0.00,431000.00,0.00,431000.00,431000.14,-0.14
2016-12,0.25,431000.00,-107000.00,324000.00,324000.07,-0.07
2016-12,0.50,431000.00,-214000.00,217000.00,217000.01,-0.01
2016-12,0.75,431000.00,-321000.00,110000.00,109999.94,0.06
2016-12,1.00,431000.00,-428000.00,3000.00,2999.88,0.12
2017-01,0.00,-97000.00,0.00,-97000.00,-97000.12,0.12
2017-01,0.25,-97000.00,22750.00,-74250.00,-74250.13,0.13
2017-01,0.50,-97000.00,45500.00,-51500.00,-51500.13,0.13
2017-01,0.75,-97000.00,68250.00,-28750.00,-28750.13,0.13
2017-01,1.00,-97000.00,91000.00,-6000.00,-6000.14,0.14
2017-02,0.00,119000.00,0.00,119000.00,118999.86,0.14
2017-02,0.25,119000.00,-30000.00,89000.00,88999.94,0.06
2017-02,0.50,119000.00,-60000.00,59000.00,59000.02,-0.02
2017-02,0.75,119000.00,-90000.00,29000.00,29000.09,-0.09
2017-02,1.00,119000.00,-120000.00,-1000.00,-999.83,-0.17
2017-03,0.00,-347000.00,0.00,-347000.00,-346999.83,-0.17
2017-03,0.25,-347000.00,85250.00,-261750.00,-261749.84,-0.16
2017-03,0.50,-347000.00,170500.00,-176500.00,-176499.84,-0.16
2017-03,0.75,-347000.00,255750.00,-91250.00,-91249.84,-0.16
2017-03,1.00,-347000.00,341000.00,-6000.00,-5999.85,-0.15
2017-04,0.00,-129000.00,0.00,-129000.00,-128999.85,-0.15
2017-04,0.25,-129000.00,31750.00,-97250.00,-97249.93,-0.07
2017-04,0.50,-129000.00,63500.00,-65500.00,-65500.02,0.02
2017-04,0.75,-129000.00,95250.00,-33750.00,-33750.10,0.10
2017-04,1.00,-129000.00,127000.00,-2000.00,-2000.18,0.18
2017-05,0.00,-104000.00,0.00,-104000.00,-104000.18,0.18
2017-05,0.25,-104000.00,25250.00,-78750.00,-78750.13,0.13
2017-05,0.50,-104000.00,50500.00,-53500.00,-53500.08,0.08
2017-05,0.75,-104000.00,75750.00,-28250.00,-28250.02,0.02
2017-05,1.00,-104000.00,101000.00,-3000.00,-2999.97,-0.03
2017-06,0.00,-230000.00,0.00,-230000.00,-229999.97,-0.03
2017-06,0.25,-230000.00,57000.00,-173000.00,-173000.00,0.00
2017-06,0.50,-230000.00,114000.00,-116000.00,-116000.03,0.03
2017-06,0.75,-230000.00,171000.00,-59000.00,-59000.06,0.06
2017-06,1.00,-230000.00,228000.00,-2000.00,-2000.09,0.09
2017-07,0.00,417000.00,0.00,417000.00,416999.91,0.09
2017-07,0.25,417000.00,-103250.00,313750.00,313749.98,0.02
2017-07,0.50,417000.00,-206500.00,210500.00,210500.05,-0.05
2017-07,0.75,417000.00,-309750.00,107250.00,107250.11,-0.11
2017-07,1.00,417000.00,-413000.00,4000.00,4000.18,-0.18
2017-08,0.00,-291000.00,0.00,-291000.00,-290999.82,-0.18
2017-08,0.25,-291000.00,73500.00,-217500.00,-217499.85,-0.15
2017-08,0.50,-291000.00,147000.00,-144000.00,-143999.89,-0.11
2017-08,0.75,-291000.00,220500.00,-70500.00,-70499.92,-0.08
2017-08,1.00,-291000.00,294000.00,3000.00,3000.05,-0.05
2017-09,0.00,444000.00,0.00,444000.00,444000.05,-0.05
2017-09,0.25,444000.00,-111000.00,333000.00,333000.08,-0.08
2017-09,0.50,444000.00,-222000.00,222000.00,222000.11,-0.11
2017-09,0.75,444000.00,-333000.00,111000.00,111000.15,-0.15
2017-09,1.00,444000.00,-444000.00,-0.00,0.18,-0.18
2017-10,0.00,269000.00,0.00,269000.00,269000.18,-0.18
2017-10,0.25,269000.00,-67750.00,201250.00,201250.11,-0.11
2017-10,0.50,269000.00,-135500.00,133500.00,133500.04,-0.04
2017-10,0.75,269000.00,-203250.00,65750.00,65749.97,0.03
2017-10,1.00,269000.00,-271000.00,-2000.00,-2000.11,0.11
2017-11,0.00,302000.00,0.00,302000.00,301999.89,0.11
2017-11,0.25,302000.00,-75500.00,226500.00,226499.88,0.12
2017-11,0.50,302000.00,-151000.00,151000.00,150999.87,0.13
2017-11,0.75,302000.00,-226500.00,75500.00,75499.86,0.14
2017-11,1.00,302000.00,-302000.00,0.00,-0.15,0.15
2017-12,0.00,306000.00,0.00,306000.00,305999.85,0.15
2017-12,0.25,306000.00,-75500.00,230500.00,230499.93,0.07
2017-12,0.50,306000.00,-151000.00,155000.00,155000.02,-0.02
2017-12,0.75,306000.00,-226500.00,79500.00,79500.10,-0.10
2017-12,1.00,306000.00,-302000.00,4000.00,4000.18,-0.18
2018-01,0.00,440000.00,0.00,440000.00,440000.18,-0.18
2018-01,0.25,440000.00,-107750.00,332250.00,332250.05,-0.05
2018-01,0.50,440000.00,-215500.00,224500.00,224499.92,0.08
2018-01,0.75,440000.00,-323250.00,116750.00,116749.79,0.21
2018-01,1.00,440000.00,-431000.00,9000.00,8999.66,0.34
2018-02,0.00,-330000.00,0.00,-330000.00,-330000.34,0.34
2018-02,0.25,-330000.00,77250.00,-252750.00,-252750.24,0.24
2018-02,0.50,-330000.00,154500.00,-175500.00,-175500.14,0.14
2018-02,0.75,-330000.00,231750.00,-98250.00,-98250.04,0.04
2018-02,1.00,-330000.00,309000.00,-21000.00,-20999.94,-0.06
2018-03,0.00,323000.00,0.00,323000.00,323000.06,-0.06
2018-03,0.25,323000.00,-82500.00,240500.00,240499.98,0.02
2018-03,0.50,323000.00,-165000.00,158000.00,157999.91,0.09
2018-03,0.75,323000.00,-247500.00,75500.00,75499.83,0.17
2018-03,1.00,323000.00,-330000.00,-7000.00,-7000.24,0.24
2018-04,0.00,362000.00,0.00,362000.00,361999.76,0.24
2018-04,0.25,362000.00,-90750.00,271250.00,271249.82,0.18
2018-04,0.50,362000.00,-181500.00,180500.00,180499.89,0.11
2018-04,0.75,362000.00,-272250.00,89750.00,89749.96,0.04
2018-04,1.00,362000.00,-363000.00,-1000.00,-999.97,-0.03
2018-05,0.00,-159000.00,0.00,-159000.00,-158999.97,-0.03
2018-05,0.25,-159000.00,38250.00,-120750.00,-120750.00,0.00
2018-05,0.50,-159000.00,76500.00,-82500.00,-82500.03,0.03
2018-05,0.75,-159000.00,114750.00,-44250.00,-44250.06,0.06
2018-05,1.00,-159000.00,153000.00,-6000.00,-6000.09,0.09
2018-06,0.00,709000.00,0.00,709000.00,708999.91,0.09
2018-06,0.25,709000.00,-177750.00,531250.00,531249.89,0.11
2018-06,0.50,709000.00,-355500.00,353500.00,353499.88,0.12
2018-06,0.75,709000.00,-533250.00,175750.00,175749.86,0.14
2018-06,1.00,709000.00,-711000.00,-2000.00,-2000.15,0.15
2018-07,0.00,-427000.00,0.00,-427000.00,-427000.15,0.15
2018-07,0.25,-427000.00,134750.00,-292250.00,-292250.17,0.17
2018-07,0.50,-427000.00,269500.00,-157500.00,-157500.18,0.18
2018-07,0.75,-427000.00,404250.00,-22750.00,-22750.20,0.20
2018-07,1.00,-427000.00,539000.00,112000.00,111999.79,0.21
2018-08,0.00,108000.00,0.00,108000.00,107999.79,0.21
2018-08,0.25,108000.00,-26000.00,82000.00,81999.76,0.24
2018-08,0.50,108000.00,-52000.00,56000.00,55999.74,0.26
2018-08,0.75,108000.00,-78000.00,30000.00,29999.72,0.28
2018-08,1.00,108000.00,-104000.00,4000.00,3999.69,0.31
2018-09,0.00,336000.00,0.00,336000.00,335999.69,0.31
2018-09,0.25,336000.00,-86250.00,249750.00,249749.77,0.23
2018-09,0.50,336000.00,-172500.00,163500.00,163499.85,0.15
2018-09,0.75,336000.00,-258750.00,77250.00,77249.92,0.08
2018-09,1.00,336000.00,-345000.00,-9000.00,-9000.00,-0.00
2018-10,0.00,-794000.00,0.00,-794000.00,-794000.00,0.00
2018-10,0.25,-794000.00,198500.00,-595500.00,-595499.94,-0.06
2018-10,0.50,-794000.00,397000.00,-397000.00,-396999.88,-0.12
2018-10,0.75,-794000.00,595500.00,-198500.00,-198499.82,-0.18
2018-10,1.00,-794000.00,794000.00,-0.00,0.24,-0.24
2018-11,0.00,-1453000.00,0.00,-1453000.00,-1452999.76,-0.24
2018-11,0.25,-1453000.00,359500.00,-1093500.00,-1093499.82,-0.18
2018-11,0.50,-1453000.00,719000.00,-734000.00,-733999.89,-0.11
2018-11,0.75,-1453000.00,1078500.00,-374500.00,-374499.96,-0.04
2018-11,1.00,-1453000.00,1438000.00,-15000.00,-15000.03,0.03
2018-12,0.00,-578000.00,0.00,-578000.00,-578000.03,0.03
2018-12,0.25,-578000.00,138000.00,-440000.00,-440000.02,0.02
2018-12,0.50,-578000.00,276000.00,-302000.00,-302000.01,0.01
2018-12,0.75,-578000.00,414000.00,-164000.00,-164000.00,0.00
2018-12,1.00,-578000.00,552000.00,-26000.00,-25999.98,-0.02
2019-01,0.00,843000.00,0.00,843000.00,843000.02,-0.02
2019-01,0.25,843000.00,-209500.00,633500.00,633499.99,0.01
2019-01,0.50,843000.00,-419000.00,424000.00,423999.96,0.04
2019-01,0.75,843000.00,-628500.00,214500.00,214499.94,0.06
2019-01,1.00,843000.00,-838000.00,5000.00,4999.91,0.09
2019-02,0.00,342000.00,0.00,342000.00,341999.91,0.09
2019-02,0.25,342000.00,-85750.00,256250.00,256249.90,0.10
2019-02,0.50,342000.00,-171500.00,170500.00,170499.89,0.11
2019-02,0.75,342000.00,-257250.00,84750.00,84749.89,0.11
2019-02,1.00,342000.00,-343000.00,-1000.00,-1000.12,0.12
2019-03,0.00,297000.00,0.00,297000.00,296999.88,0.12
2019-03,0.25,297000.00,-73000.00,224000.00,223999.92,0.08
2019-03,0.50,297000.00,-146000.00,151000.00,150999.97,0.03
2019-03,0.75,297000.00,-219000.00,78000.00,78000.02,-0.02
2019-03,1.00,297000.00,-292000.00,5000.00,5000.06,-0.06
2019-04,0.00,369000.00,0.00,369000.00,369000.06,-0.06
2019-04,0.25,369000.00,-94250.00,274750.00,274750.05,-0.05
2019-04,0.50,369000.00,-188500.00,180500.00,180500.04,-0.04
2019-04,0.75,369000.00,-282750.00,86250.00,86250.03,-0.03
2019-04,1.00,369000.00,-377000.00,-8000.00,-7999.98,-0.02
2019-05,0.00,-1042000.00,0.00,-1042000.00,-1041999.98,-0.02
2019-05,0.25,-1042000.00,260250.00,-781750.00,-781749.99,-0.01
2019-05,0.50,-1042000.00,520500.00,-521500.00,-521499.99,-0.01
2019-05,0.75,-1042000.00,780750.00,-261250.00,-261250.00,-0.00
2019-05,1.00,-1042000.00,1041000.00,-1000.00,-1000.00,-0.00
2019-06,0.00,470000.00,0.00,470000.00,470000.00,0.00
2019-06,0.25,470000.00,-124250.00,345750.00,345749.97,0.03
2019-06,0.50,470000.00,-248500.00,221500.00,221499.94,0.06
2019-06,0.75,470000.00,-372750.00,97250.00,97249.91,0.09
2019-06,1.00,470000.00,-497000.00,-27000.00,-27000.12,0.12
2019-07,0.00,6000.00,0.00,6000.00,5999.88,0.12
2019-07,0.25,6000.00,-2750.00,3250.00,3249.86,0.14
2019-07,0.50,6000.00,-5500.00,500.00,499.85,0.15
2019-07,0.75,6000.00,-8250.00,-2250.00,-2250.17,0.17
2019-07,1.00,6000.00,-11000.00,-5000.00,-5000.18,0.18
2019-08,0.00,-351000.00,0.00,-351000.00,-351000.18,0.18
2019-08,0.25,-351000.00,87000.00,-264000.00,-264000.10,0.10
2019-08,0.50,-351000.00,174000.00,-177000.00,-177000.02,0.02
2019-08,0.75,-351000.00,261000.00,-90000.00,-89999.93,-0.07
2019-08,1.00,-351000.00,348000.00,-3000.00,-2999.85,-0.15
2019-09,0.00,-101000.00,0.00,-101000.00,-100999.85,-0.15
2019-09,0.25,-101000.00,25750.00,-75250.00,-75249.88,-0.12
2019-09,0.50,-101000.00,51500.00,-49500.00,-49499.91,-0.09
2019-09,0.75,-101000.00,77250.00,-23750.00,-23749.94,-0.06
2019-09,1.00,-101000.00,103000.00,2000.00,2000.03,-0.03
2019-10,0.00,-5000.00,0.00,-5000.00,-4999.97,-0.03
2019-10,0.25,-5000.00,-2750.00,-7750.00,-7749.98,-0.02
2019-10,0.50,-5000.00,-5500.00,-10500.00,-10500.00,0.00
2019-10,0.75,-5000.00,-8250.00,-13250.00,-13250.02,0.02
2019-10,1.00,-5000.00,-11000.00,-16000.00,-16000.03,0.03
2019-11,0.00,394000.00,0.00,394000.00,393999.97,0.03
2019-11,0.25,394000.00,-24750.00,369250.00,369250.02,-0.02
2019-11,0.50,394000.00,-49500.00,344500.00,344500.08,-0.08
2019-11,0.75,394000.00,-74250.00,319750.00,319750.13,-0.13
2019-11,1.00,394000.00,-99000.00,295000.00,295000.18,-0.18
2019-12,0.00,597000.00,0.00,597000.00,597000.18,-0.18
2019-12,0.25,597000.00,-147250.00,449750.00,449750.10,-0.10
2019-12,0.50,597000.00,-294500.00,302500.00,302500.02,-0.02
2019-12,0.75,597000.00,-441750.00,155250.00,155249.94,0.06
2019-12,1.00,597000.00,-589000.00,8000.00,7999.86,0.14
2020-01,0.00,-948000.00,0.00,-948000.00,-948000.14,0.14
2020-01,0.25,-948000.00,237500.00,-710500.00,-710500.14,0.14
2020-01,0.50,-948000.00,475000.00,-473000.00,-473000.14,0.14
2020-01,0.75,-948000.00,712500.00,-235500.00,-235500.14,0.14
2020-01,1.00,-948000.00,950000.00,2000.00,1999.86,0.14
2020-02,0.00,-673000.00,0.00,-673000.00,-673000.14,0.14
2020-02,0.25,-673000.00,170000.00,-503000.00,-503000.06,0.06
2020-02,0.50,-673000.00,340000.00,-333000.00,-332999.98,-0.02
2020-02,0.75,-673000.00,510000.00,-163000.00,-162999.91,-0.09
2020-02,1.00,-673000.00,680000.00,7000.00,7000.17,-0.17
2020-03,0.00,-2425000.00,0.00,-2425000.00,-2424999.83,-0.17
2020-03,0.25,-2425000.00,607000.00,-1818000.00,-1817999.86,-0.14
2020-03,0.50,-2425000.00,1214000.00,-1211000.00,-1210999.89,-0.11
2020-03,0.75,-2425000.00,1821000.00,-604000.00,-603999.92,-0.08
2020-03,1.00,-2425000.00,2428000.00,3000.00,3000.05,-0.05
2020-04,0.00,-125000.00,0.00,-125000.00,-124999.95,-0.05
2020-04,0.25,-125000.00,41000.00,-84000.00,-83999.97,-0.03
2020-04,0.50,-125000.00,82000.00,-43000.00,-42999.98,-0.02
2020-04,0.75,-125000.00,123000.00,-2000.00,-2000.00,0.00
2020-04,1.00,-125000.00,164000.00,39000.00,38999.98,0.02
2020-05,0.00,1673000.00,0.00,1673000.00,1672999.98,0.02
2020-05,0.25,1673000.00,-416250.00,1256750.00,1256749.95,0.05
2020-05,0.50,1673000.00,-832500.00,840500.00,840499.91,0.09
2020-05,0.75,1673000.00,-1248750.00,424250.00,424249.87,0.13
2020-05,1.00,1673000.00,-1665000.00,8000.00,7999.83,0.17
2020-06,0.00,378000.00,0.00,378000.00,377999.83,0.17
2020-06,0.25,378000.00,-94500.00,283500.00,283499.86,0.14
2020-06,0.50,378000.00,-189000.00,189000.00,188999.89,0.11
2020-06,0.75,378000.00,-283500.00,94500.00,94499.92,0.08
2020-06,1.00,378000.00,-378000.00,0.00,-0.05,0.05
2020-07,0.00,83000.00,0.00,83000.00,82999.95,0.05
2020-07,0.25,83000.00,-25000.00,58000.00,57999.95,0.05
2020-07,0.50,83000.00,-50000.00,33000.00,32999.95,0.05
2020-07,0.75,83000.00,-75000.00,8000.00,7999.95,0.05
2020-07,1.00,83000.00,-100000.00,-17000.00,-17000.05,0.05
2020-08,0.00,234000.00,0.00,234000.00,233999.95,0.05
2020-08,0.25,234000.00,-58500.00,175500.00,175499.95,0.05
2020-08,0.50,234000.00,-117000.00,117000.00,116999.95,0.05
2020-08,0.75,234000.00,-175500.00,58500.00,58499.94,0.06
2020-08,1.00,234000.00,-234000.00,-0.00,-0.06,0.06
2020-09,0.00,-256000.00,0.00,-256000.00,-256000.06,0.06
2020-09,0.25,-256000.00,59750.00,-196250.00,-196250.08,0.08
2020-09,0.50,-256000.00,119500.00,-136500.00,-136500.09,0.09
2020-09,0.75,-256000.00,179250.00,-76750.00,-76750.11,0.11
2020-09,1.00,-256000.00,239000.00,-17000.00,-17000.12,0.12
2020-10,0.00,-458000.00,0.00,-458000.00,-458000.12,0.12
2020-10,0.25,-458000.00,110750.00,-347250.00,-347250.11,0.11
2020-10,0.50,-458000.00,221500.00,-236500.00,-236500.11,0.11
2020-10,0.75,-458000.00,332250.00,-125750.00,-125750.10,0.10
2020-10,1.00,-458000.00,443000.00,-15000.00,-15000.09,0.09
2020-11,0.00,941000.00,0.00,941000.00,940999.91,0.09
2020-11,0.25,941000.00,-238750.00,702250.00,702249.93,0.07
2020-11,0.50,941000.00,-477500.00,463500.00,463499.95,0.05
2020-11,0.75,941000.00,-716250.00,224750.00,224749.97,0.03
2020-11,1.00,941000.00,-955000.00,-14000.00,-14000.02,0.02
2020-12,0.00,301000.00,0.00,301000.00,300999.98,0.02
2020-12,0.25,301000.00,-79500.00,221500.00,221499.98,0.02
2020-12,0.50,301000.00,-159000.00,142000.00,141999.97,0.03
2020-12,0.75,301000.00,-238500.00,62500.00,62499.96,0.04
2020-12,1.00,301000.00,-318000.00,-17000.00,-17000.05,0.05
2021-01,0.00,364000.00,0.00,364000.00,363999.95,0.05
2021-01,0.25,364000.00,-92000.00,272000.00,271999.95,0.05
2021-01,0.50,364000.00,-184000.00,180000.00,179999.94,0.06
2021-01,0.75,364000.00,-276000.00,88000.00,87999.93,0.07
2021-01,1.00,364000.00,-368000.00,-4000.00,-4000.08,0.08
2021-02,0.00,935000.00,0.00,935000.00,934999.92,0.08
2021-02,0.25,935000.00,-232500.00,702500.00,702499.94,0.06
2021-02,0.50,935000.00,-465000.00,470000.00,469999.96,0.04
2021-02,0.75,935000.00,-697500.00,237500.00,237499.98,0.02
2021-02,1.00,935000.00,-930000.00,5000.00,5000.00,0.00
2021-03,0.00,-231000.00,0.00,-231000.00,-231000.00,0.00
2021-03,0.25,-231000.00,58500.00,-172500.00,-172500.00,0.00
2021-03,0.50,-231000.00,117000.00,-114000.00,-113999.99,-0.01
2021-03,0.75,-231000.00,175500.00,-55500.00,-55499.99,-0.01
2021-03,1.00,-231000.00,234000.00,3000.00,3000.02,-0.02
2021-04,0.00,434000.00,0.00,434000.00,434000.02,-0.02
2021-04,0.25,434000.00,-110500.00,323500.00,323499.97,0.03
2021-04,0.50,434000.00,-221000.00,213000.00,212999.92,0.08
2021-04,0.75,434000.00,-331500.00,102500.00,102499.87,0.13
2021-04,1.00,434000.00,-442000.00,-8000.00,-8000.18,0.18
2021-05,0.00,273000.00,0.00,273000.00,272999.82,0.18
2021-05,0.25,273000.00,-68500.00,204500.00,204499.87,0.13
2021-05,0.50,273000.00,-137000.00,136000.00,135999.92,0.08
2021-05,0.75,273000.00,-205500.00,67500.00,67499.98,0.02
2021-05,1.00,273000.00,-274000.00,-1000.00,-999.97,-0.03
2021-06,0.00,720000.00,0.00,720000.00,720000.03,-0.03
2021-06,0.25,720000.00,-178750.00,541250.00,541249.99,0.01
2021-06,0.50,720000.00,-357500.00,362500.00,362499.95,0.05
2021-06,0.75,720000.00,-536250.00,183750.00,183749.92,0.08
2021-06,1.00,720000.00,-715000.00,5000.00,4999.88,0.12
2021-07,0.00,46000.00,0.00,46000.00,45999.88,0.12
2021-07,0.25,46000.00,-12000.00,34000.00,33999.98,0.02
2021-07,0.50,46000.00,-24000.00,22000.00,22000.09,-0.09
2021-07,0.75,46000.00,-36000.00,10000.00,10000.20,-0.20
2021-07,1.00,46000.00,-48000.00,-2000.00,-1999.69,-0.31
2021-08,0.00,-552000.00,0.00,-552000.00,-551999.69,-0.31
2021-08,0.25,-552000.00,136250.00,-415750.00,-415749.77,-0.23
2021-08,0.50,-552000.00,272500.00,-279500.00,-279499.85,-0.15
2021-08,0.75,-552000.00,408750.00,-143250.00,-143249.92,-0.08
2021-08,1.00,-552000.00,545000.00,-7000.00,-7000.00,0.00
2021-09,0.00,672000.00,0.00,672000.00,672000.00,0.00
2021-09,0.25,672000.00,-163250.00,508750.00,508750.03,-0.03
2021-09,0.50,672000.00,-326500.00,345500.00,345500.06,-0.06
2021-09,0.75,672000.00,-489750.00,182250.00,182250.09,-0.09
2021-09,1.00,672000.00,-653000.00,19000.00,19000.12,-0.12
2021-10,0.00,847000.00,0.00,847000.00,847000.12,-0.12
2021-10,0.25,847000.00,-213500.00,633500.00,633500.10,-0.10
2021-10,0.50,847000.00,-427000.00,420000.00,420000.08,-0.08
2021-10,0.75,847000.00,-640500.00,206500.00,206500.05,-0.05
2021-10,1.00,847000.00,-854000.00,-7000.00,-6999.97,-0.03
2021-11,0.00,-1743000.00,0.00,-1743000.00,-1742999.97,-0.03
2021-11,0.25,-1743000.00,434750.00,-1308250.00,-1308249.98,-0.02
2021-11,0.50,-1743000.00,869500.00,-873500.00,-873500.00,0.00
2021-11,0.75,-1743000.00,1304250.00,-438750.00,-438750.02,0.02
2021-11,1.00,-1743000.00,1739000.00,-4000.00,-4000.03,0.03
2021-12,0.00,915000.00,0.00,915000.00,914999.97,0.03
2021-12,0.25,915000.00,-225750.00,689250.00,689250.00,-0.00
2021-12,0.50,915000.00,-451500.00,463500.00,463500.03,-0.03
2021-12,0.75,915000.00,-677250.00,237750.00,237750.06,-0.06
2021-12,1.00,915000.00,-903000.00,12000.00,12000.09,-0.09
2022-01,0.00,1395000.00,0.00,1395000.00,1395000.09,-0.09
2022-01,0.25,1395000.00,-323500.00,1071500.00,1071500.03,-0.03
2022-01,0.50,1395000.00,-647000.00,748000.00,747999.97,0.03
2022-01,0.75,1395000.00,-970500.00,424500.00,424499.91,0.09
2022-01,1.00,1395000.00,-1294000.00,101000.00,100999.85,0.15
2022-02,0.00,798000.00,0.00,798000.00,797999.85,0.15
2022-02,0.25,798000.00,-189250.00,608750.00,608749.86,0.14
2022-02,0.50,798000.00,-378500.00,419500.00,419499.86,0.14
2022-02,0.75,798000.00,-567750.00,230250.00,230249.87,0.13
2022-02,1.00,798000.00,-757000.00,41000.00,40999.88,0.12
2022-03,0.00,481000.00,0.00,481000.00,480999.88,0.12
2022-03,0.25,481000.00,-114000.00,367000.00,366999.94,0.06
2022-03,0.50,481000.00,-228000.00,253000.00,253000.00,-0.00
2022-03,0.75,481000.00,-342000.00,139000.00,139000.06,-0.06
2022-03,1.00,481000.00,-456000.00,25000.00,25000.12,-0.12
2022-04,0.00,431000.00,0.00,431000.00,431000.12,-0.12
2022-04,0.25,431000.00,-110250.00,320750.00,320750.03,-0.03
2022-04,0.50,431000.00,-220500.00,210500.00,210499.94,0.06
2022-04,0.75,431000.00,-330750.00,100250.00,100249.85,0.15
2022-04,1.00,431000.00,-441000.00,-10000.00,-10000.24,0.24
2022-05,0.00,969000.00,0.00,969000.00,968999.76,0.24
2022-05,0.25,969000.00,-249500.00,719500.00,719499.86,0.14
2022-05,0.50,969000.00,-499000.00,470000.00,469999.97,0.03
2022-05,0.75,969000.00,-748500.00,220500.00,220500.08,-0.08
2022-05,1.00,969000.00,-998000.00,-29000.00,-28999.82,-0.18
2022-06,0.00,-691000.00,0.00,-691000.00,-690999.82,-0.18
2022-06,0.25,-691000.00,222750.00,-468250.00,-468249.92,-0.08
2022-06,0.50,-691000.00,445500.00,-245500.00,-245500.02,0.02
2022-06,0.75,-691000.00,668250.00,-22750.00,-22750.11,0.11
2022-06,1.00,-691000.00,891000.00,200000.00,199999.79,0.21
2022-07,0.00,-445000.00,0.00,-445000.00,-445000.21,0.21
2022-07,0.25,-445000.00,178500.00,-266500.00,-266500.23,0.23
2022-07,0.50,-445000.00,357000.00,-88000.00,-88000.24,0.24
2022-07,0.75,-445000.00,535500.00,90500.00,90499.74,0.26
2022-07,1.00,-445000.00,714000.00,269000.00,268999.73,0.27
2022-08,0.00,-853000.00,0.00,-853000.00,-853000.27,0.27
2022-08,0.25,-853000.00,226750.00,-626250.00,-626250.28,0.28
2022-08,0.50,-853000.00,453500.00,-399500.00,-399500.29,0.29
2022-08,0.75,-853000.00,680250.00,-172750.00,-172750.30,0.30
2022-08,1.00,-853000.00,907000.00,54000.00,53999.69,0.31
2022-09,0.00,-964000.00,0.00,-964000.00,-964000.31,0.31
2022-09,0.25,-964000.00,251500.00,-712500.00,-712500.18,0.18
2022-09,0.50,-964000.00,503000.00,-461000.00,-461000.05,0.05
2022-09,0.75,-964000.00,754500.00,-209500.00,-209499.92,-0.08
2022-09,1.00,-964000.00,1006000.00,42000.00,42000.21,-0.21
2022-10,0.00,705000.00,0.00,705000.00,705000.21,-0.21
2022-10,0.25,705000.00,-176000.00,529000.00,529000.19,-0.19
2022-10,0.50,705000.00,-352000.00,353000.00,353000.17,-0.17
2022-10,0.75,705000.00,-528000.00,177000.00,177000.14,-0.14
2022-10,1.00,705000.00,-704000.00,1000.00,1000.12,-0.12
2022-11,0.00,-605000.00,0.00,-605000.00,-604999.88,-0.12
2022-11,0.25,-605000.00,149500.00,-455500.00,-455499.98,-0.02
2022-11,0.50,-605000.00,299000.00,-306000.00,-306000.09,0.09
2022-11,0.75,-605000.00,448500.00,-156500.00,-156500.20,0.20
2022-11,1.00,-605000.00,598000.00,-7000.00,-7000.31,0.31
2022-12,0.00,-39000.00,0.00,-39000.00,-39000.31,0.31
2022-12,0.25,-39000.00,7250.00,-31750.00,-31750.28,0.28
2022-12,0.50,-39000.00,14500.00,-24500.00,-24500.26,0.26
2022-12,0.75,-39000.00,21750.00,-17250.00,-17250.24,0.24
2022-12,1.00,-39000.00,29000.00,-10000.00,-10000.21,0.21
2023-01,0.00,-131000.00,0.00,-131000.00,-131000.21,0.21
2023-01,0.25,-131000.00,34750.00,-96250.00,-96250.23,0.23
2023-01,0.50,-131000.00,69500.00,-61500.00,-61500.24,0.24
2023-01,0.75,-131000.00,104250.00,-26750.00,-26750.26,0.26
2023-01,1.00,-131000.00,139000.00,8000.00,7999.73,0.27
2023-02,0.00,-199000.00,0.00,-199000.00,-199000.27,0.27
2023-02,0.25,-199000.00,45500.00,-153500.00,-153500.28,0.28
2023-02,0.50,-199000.00,91000.00,-108000.00,-108000.29,0.29
2023-02,0.75,-199000.00,136500.00,-62500.00,-62500.30,0.30
2023-02,1.00,-199000.00,182000.00,-17000.00,-17000.31,0.31
2023-03,0.00,-137000.00,0.00,-137000.00,-137000.31,0.31
2023-03,0.25,-137000.00,34500.00,-102500.00,-102500.18,0.18
2023-03,0.50,-137000.00,69000.00,-68000.00,-68000.06,0.06
2023-03,0.75,-137000.00,103500.00,-33500.00,-33499.94,-0.06
2023-03,1.00,-137000.00,138000.00,1000.00,1000.18,-0.18
2023-04,0.00,111000.00,0.00,111000.00,111000.18,-0.18
2023-04,0.25,111000.00,-27750.00,83250.00,83250.17,-0.17
2023-04,0.50,111000.00,-55500.00,55500.00,55500.15,-0.15
2023-04,0.75,111000.00,-83250.00,27750.00,27750.14,-0.14
2023-04,1.00,111000.00,-111000.00,0.00,0.12,-0.12
2023-05,0.00,-867000.00,0.00,-867000.00,-866999.88,-0.12
2023-05,0.25,-867000.00,217250.00,-649750.00,-649749.82,-0.18
2023-05,0.50,-867000.00,434500.00,-432500.00,-432499.76,-0.24
2023-05,0.75,-867000.00,651750.00,-215250.00,-215249.69,-0.31
2023-05,1.00,-867000.00,869000.00,2000.00,2000.37,-0.37
2023-06,0.00,257000.00,0.00,257000.00,257000.37,-0.37
2023-06,0.25,257000.00,-63750.00,193250.00,193250.29,-0.29
2023-06,0.50,257000.00,-127500.00,129500.00,129500.21,-0.21
2023-06,0.75,257000.00,-191250.00,65750.00,65750.14,-0.14
2023-06,1.00,257000.00,-255000.00,2000.00,2000.06,-0.06
2023-07,0.00,1116000.00,0.00,1116000.00,1116000.06,-0.06
2023-07,0.25,1116000.00,-279000.00,837000.00,836999.97,0.03
2023-07,0.50,1116000.00,-558000.00,558000.00,557999.88,0.12
2023-07,0.75,1116000.00,-837000.00,279000.00,278999.79,0.21
2023-07,1.00,1116000.00,-1116000.00,0.00,-0.31,0.31
2023-08,0.00,175000.00,0.00,175000.00,174999.69,0.31
2023-08,0.25,175000.00,-45750.00,129250.00,129249.84,0.16
2023-08,0.50,175000.00,-91500.00,83500.00,83499.98,0.02
2023-08,0.75,175000.00,-137250.00,37750.00,37750.13,-0.13
2023-08,1.00,175000.00,-183000.00,-8000.00,-7999.73,-0.27
2023-09,0.00,714000.00,0.00,714000.00,714000.27,-0.27
2023-09,0.25,714000.00,-179000.00,535000.00,535000.18,-0.18
2023-09,0.50,714000.00,-358000.00,356000.00,356000.09,-0.09
2023-09,0.75,714000.00,-537000.00,177000.00,177000.00,-0.00
2023-09,1.00,714000.00,-716000.00,-2000.00,-2000.09,0.09
2023-10,0.00,-915000.00,0.00,-915000.00,-915000.09,0.09
2023-10,0.25,-915000.00,244250.00,-670750.00,-670749.98,-0.02
2023-10,0.50,-915000.00,488500.00,-426500.00,-426499.88,-0.12
2023-10,0.75,-915000.00,732750.00,-182250.00,-182249.77,-0.23
2023-10,1.00,-915000.00,977000.00,62000.00,62000.34,-0.34
2023-11,0.00,-536000.00,0.00,-536000.00,-535999.66,-0.34
2023-11,0.25,-536000.00,126500.00,-409500.00,-409499.73,-0.27
2023-11,0.50,-536000.00,253000.00,-283000.00,-282999.79,-0.21
2023-11,0.75,-536000.00,379500.00,-156500.00,-156499.85,-0.15
2023-11,1.00,-536000.00,506000.00,-30000.00,-29999.91,-0.09
2023-12,0.00,-407000.00,0.00,-407000.00,-406999.91,-0.09
2023-12,0.25,-407000.00,107750.00,-299250.00,-299249.97,-0.03
2023-12,0.50,-407000.00,215500.00,-191500.00,-191500.03,0.03
2023-12,0.75,-407000.00,323250.00,-83750.00,-83750.09,0.09
2023-12,1.00,-407000.00,431000.00,24000.00,23999.85,0.15
2024-01,0.00,463000.00,0.00,463000.00,462999.85,0.15
2024-01,0.25,463000.00,-105000.00,358000.00,357999.92,0.08
2024-01,0.50,463000.00,-210000.00,253000.00,253000.00,-0.00
2024-01,0.75,463000.00,-315000.00,148000.00,148000.08,-0.08
2024-01,1.00,463000.00,-420000.00,43000.00,43000.15,-0.15
2024-02,0.00,337000.00,0.00,337000.00,337000.15,-0.15
2024-02,0.25,337000.00,-60250.00,276750.00,276750.06,-0.06
2024-02,0.50,337000.00,-120500.00,216500.00,216499.97,0.03
2024-02,0.75,337000.00,-180750.00,156250.00,156249.88,0.12
2024-02,1.00,337000.00,-241000.00,96000.00,95999.79,0.21
2024-03,0.00,570000.00,0.00,570000.00,569999.79,0.21
2024-03,0.25,570000.00,-122750.00,447250.00,447249.89,0.11
2024-03,0.50,570000.00,-245500.00,324500.00,324499.98,0.02
2024-03,0.75,570000.00,-368250.00,201750.00,201750.08,-0.08
2024-03,1.00,570000.00,-491000.00,79000.00,79000.18,-0.18
2024-04,0.00,32000.00,0.00,32000.00,32000.18,-0.18
2024-04,0.25,32000.00,31000.00,63000.00,63000.13,-0.13
2024-04,0.50,32000.00,62000.00,94000.00,94000.08,-0.08
2024-04,0.75,32000.00,93000.00,125000.00,125000.02,-0.02
2024-04,1.00,32000.00,124000.00,156000.00,155999.97,0.03
2024-05,0.00,-396000.00,0.00,-396000.00,-396000.03,0.03
2024-05,0.25,-396000.00,123500.00,-272500.00,-272499.97,-0.03
2024-05,0.50,-396000.00,247000.00,-149000.00,-148999.91,-0.09
2024-05,0.75,-396000.00,370500.00,-25500.00,-25499.85,-0.15
2024-05,1.00,-396000.00,494000.00,98000.00,98000.21,-0.21
2024-06,0.00,584000.00,0.00,584000.00,584000.21,-0.21
2024-06,0.25,584000.00,-113750.00,470250.00,470250.14,-0.14
2024-06,0.50,584000.00,-227500.00,356500.00,356500.06,-0.06
2024-06,0.75,584000.00,-341250.00,242750.00,242749.98,0.02
2024-06,1.00,584000.00,-455000.00,129000.00,128999.91,0.09
2024-07,0.00,-218000.00,0.00,-218000.00,-218000.09,0.09
2024-07,0.25,-218000.00,90750.00,-127250.00,-127250.16,0.16
2024-07,0.50,-218000.00,181500.00,-36500.00,-36500.23,0.23
2024-07,0.75,-218000.00,272250.00,54250.00,54249.70,0.30
2024-07,1.00,-218000.00,363000.00,145000.00,144999.63,0.37
2024-08,0.00,-339000.00,0.00,-339000.00,-339000.37,0.37
2024-08,0.25,-339000.00,109000.00,-230000.00,-230000.35,0.35
2024-08,0.50,-339000.00,218000.00,-121000.00,-121000.34,0.34
2024-08,0.75,-339000.00,327000.00,-12000.00,-12000.32,0.32
2024-08,1.00,-339000.00,436000.00,97000.00,96999.69,0.31
2024-09,0.00,-480000.00,0.00,-480000.00,-480000.31,0.31
2024-09,0.25,-480000.00,134500.00,-345500.00,-345500.18,0.18
2024-09,0.50,-480000.00,269000.00,-211000.00,-211000.06,0.06
2024-09,0.75,-480000.00,403500.00,-76500.00,-76499.94,-0.06
2024-09,1.00,-480000.00,538000.00,58000.00,58000.18,-0.18
2024-10,0.00,141000.00,0.00,141000.00,141000.18,-0.18
2024-10,0.25,141000.00,-27250.00,113750.00,113750.08,-0.08
2024-10,0.50,141000.00,-54500.00,86500.00,86499.98,0.02
2024-10,0.75,141000.00,-81750.00,59250.00,59249.89,0.11
2024-10,1.00,141000.00,-109000.00,32000.00,31999.79,0.21
2024-11,0.00,-100000.00,0.00,-100000.00,-100000.21,0.21
2024-11,0.25,-100000.00,31500.00,-68500.00,-68500.16,0.16
2024-11,0.50,-100000.00,63000.00,-37000.00,-37000.11,0.11
2024-11,0.75,-100000.00,94500.00,-5500.00,-5500.05,0.05
2024-11,1.00,-100000.00,126000.00,26000.00,26000.00,0.00
2024-12,0.00,444000.00,0.00,444000.00,444000.00,0.00
2024-12,0.25,444000.00,-93000.00,351000.00,350999.97,0.03
2024-12,0.50,444000.00,-186000.00,258000.00,257999.94,0.06
2024-12,0.75,444000.00,-279000.00,165000.00,164999.91,0.09
2024-12,1.00,444000.00,-372000.00,72000.00,71999.88,0.12
2025-01,0.00,112000.00,0.00,112000.00,111999.88,0.12
2025-01,0.25,112000.00,-20250.00,91750.00,91749.94,0.06
2025-01,0.50,112000.00,-40500.00,71500.00,71500.00,-0.00
2025-01,0.75,112000.00,-60750.00,51250.00,51250.06,-0.06
2025-01,1.00,112000.00,-81000.00,31000.00,31000.12,-0.12
2025-02,0.00,-256000.00,0.00,-256000.00,-255999.88,-0.12
2025-02,0.25,-256000.00,69250.00,-186750.00,-186749.96,-0.04
2025-02,0.50,-256000.00,138500.00,-117500.00,-117500.05,0.05
2025-02,0.75,-256000.00,207750.00,-48250.00,-48250.13,0.13
2025-02,1.00,-256000.00,277000.00,21000.00,20999.79,0.21
2025-03,0.00,211000.00,0.00,211000.00,210999.79,0.21
2025-03,0.25,211000.00,-43000.00,168000.00,167999.76,0.24
2025-03,0.50,211000.00,-86000.00,125000.00,124999.73,0.27
2025-03,0.75,211000.00,-129000.00,82000.00,81999.69,0.31
2025-03,1.00,211000.00,-172000.00,39000.00,38999.66,0.34
2025-04,0.00,-1193000.00,0.00,-1193000.00,-1193000.34,0.34
2025-04,0.25,-1193000.00,331750.00,-861250.00,-861250.23,0.23
2025-04,0.50,-1193000.00,663500.00,-529500.00,-529500.12,0.12
2025-04,0.75,-1193000.00,995250.00,-197750.00,-197750.02,0.02
2025-04,1.00,-1193000.00,1327000.00,134000.00,134000.09,-0.09
2025-05,0.00,325000.00,0.00,325000.00,325000.09,-0.09
2025-05,0.25,325000.00,-64500.00,260500.00,260500.05,-0.05
2025-05,0.50,325000.00,-129000.00,196000.00,196000.00,0.00
2025-05,0.75,325000.00,-193500.00,131500.00,131499.95,0.05
2025-05,1.00,325000.00,-258000.00,67000.00,66999.91,0.09
2025-06,0.00,551000.00,0.00,551000.00,550999.91,0.09
2025-06,0.25,551000.00,-108000.00,443000.00,442999.92,0.08
2025-06,0.50,551000.00,-216000.00,335000.00,334999.92,0.08
2025-06,0.75,551000.00,-324000.00,227000.00,226999.93,0.07
2025-06,1.00,551000.00,-432000.00,119000.00,118999.94,0.06
2025-07,0.00,525000.00,0.00,525000.00,524999.94,0.06
2025-07,0.25,525000.00,-103750.00,421250.00,421249.90,0.10
2025-07,0.50,525000.00,-207500.00,317500.00,317499.86,0.14
2025-07,0.75,525000.00,-311250.00,213750.00,213749.82,0.18
2025-07,1.00,525000.00,-415000.00,110000.00,109999.79,0.21
2025-08,0.00,-490000.00,0.00,-490000.00,-490000.21,0.21
2025-08,0.25,-490000.00,131250.00,-358750.00,-358750.21,0.21
2025-08,0.50,-490000.00,262500.00,-227500.00,-227500.21,0.21
2025-08,0.75,-490000.00,393750.00,-96250.00,-96250.21,0.21
2025-08,1.00,-490000.00,525000.00,35000.00,34999.79,0.21
2025-09,0.00,-84000.00,0.00,-84000.00,-84000.21,0.21
2025-09,0.25,-84000.00,41000.00,-43000.00,-43000.13,0.13
2025-09,0.50,-84000.00,82000.00,-2000.00,-2000.05,0.05
2025-09,0.75,-84000.00,123000.00,39000.00,39000.03,-0.03
2025-09,1.00,-84000.00,164000.00,80000.00,80000.11,-0.11
2025-10,0.00,-62000.00,0.00,-62000.00,-61999.89,-0.11
2025-10,0.25,-62000.00,34750.00,-27250.00,-27249.91,-0.09
2025-10,0.50,-62000.00,69500.00,7500.00,7500.08,-0.08
2025-10,0.75,-62000.00,104250.00,42250.00,42250.06,-0.06
2025-10,1.00,-62000.00,139000.00,77000.00,77000.05,-0.05
2025-11,0.00,-240000.00,0.00,-240000.00,-239999.95,-0.05
2025-11,0.25,-240000.00,60750.00,-179250.00,-179249.95,-0.05
2025-11,0.50,-240000.00,121500.00,-118500.00,-118499.94,-0.06
2025-11,0.75,-240000.00,182250.00,-57750.00,-57749.93,-0.07
2025-11,1.00,-240000.00,243000.00,3000.00,3000.08,-0.08
2025-12,0.00,-129000.00,0.00,-129000.00,-128999.92,-0.08
2025-12,0.25,-129000.00,28250.00,-100750.00,-100749.90,-0.10
2025-12,0.50,-129000.00,56500.00,-72500.00,-72499.87,-0.13
2025-12,0.75,-129000.00,84750.00,-44250.00,-44249.84,-0.16
2025-12,1.00,-129000.00,113000.00,-16000.00,-15999.82,-0.18
2026-01,0.00,708000.00,0.00,708000.00,708000.18,-0.18
2026-01,0.25,708000.00,-194750.00,513250.00,513250.16,-0.16
2026-01,0.50,708000.00,-389500.00,318500.00,318500.14,-0.14
2026-01,0.75,708000.00,-584250.00,123750.00,123750.11,-0.11
2026-01,1.00,708000.00,-779000.00,-71000.00,-70999.91,-0.09
2026-02,0.00,175000.00,0.00,175000.00,175000.09,-0.09
2026-02,0.25,175000.00,-45250.00,129750.00,129750.15,-0.15
2026-02,0.50,175000.00,-90500.00,84500.00,84500.21,-0.21
2026-02,0.75,175000.00,-135750.00,39250.00,39250.27,-0.27
2026-02,1.00,175000.00,-181000.00,-6000.00,-5999.66,-0.34
2026-03,0.00,3584000.00,0.00,3584000.00,3584000.34,-0.34
2026-03,0.25,3584000.00,-859000.00,2725000.00,2725000.32,-0.32
2026-03,0.50,3584000.00,-1718000.00,1866000.00,1866000.31,-0.31
2026-03,0.75,3584000.00,-2577000.00,1007000.00,1007000.29,-0.29
2026-03,1.00,3584000.00,-3436000.00,148000.00,148000.27,-0.27
2026-04,0.00,726000.00,0.00,726000.00,726000.27,-0.27
2026-04,0.25,726000.00,-92250.00,633750.00,633750.21,-0.21
2026-04,0.50,726000.00,-184500.00,541500.00,541500.15,-0.15
2026-04,0.75,726000.00,-276750.00,449250.00,449250.09,-0.09
2026-04,1.00,726000.00,-369000.00,357000.00,357000.03,-0.03
2026-05,0.00,-1391000.00,0.00,-1391000.00,-1390999.97,-0.03
2026-05,0.25,-1391000.00,442750.00,-948250.00,-948249.99,-0.01
2026-05,0.50,-1391000.00,885500.00,-505500.00,-505500.02,0.02
2026-05,0.75,-1391000.00,1328250.00,-62750.00,-62750.04,0.04
2026-05,1.00,-1391000.00,1771000.00,380000.00,379999.94,0.06
2026-06,0.00,-1680000.00,0.00,-1680000.00,-1680000.06,0.06
2026-06,0.25,-1680000.00,446500.00,-1233500.00,-1233500.05,0.05
2026-06,0.50,-1680000.00,893000.00,-787000.00,-787000.03,0.03
2026-06,0.75,-1680000.00,1339500.00,-340500.00,-340500.02,0.02
2026-06,1.00,-1680000.00,1786000.00,106000.00,106000.00,0.00
2026-07,0.00,1666000.00,0.00,1666000.00,1666000.00,0.00
2026-07,0.25,1666000.00,-47750.00,1618250.00,1618249.91,0.09
2026-07,0.50,1666000.00,-95500.00,1570500.00,1570499.82,0.18
2026-07,0.75,1666000.00,-143250.00,1522750.00,1522749.73,0.27
2026-07,1.00,1666000.00,-191000.00,1475000.00,1474999.63,0.37
