date,contract_1,contract_2,contract_3,contract_4,c1_c2_spread,c1_c3_spread,c1_c4_spread,curve_slope_per_contract,curve_regime,curve_curvature,c1_c4_rolling_mean,c1_c4_rolling_std,c1_c4_zscore,c1_c4_percentile
2015-01-31,47.330000,47.900000,48.720000,49.620000,-0.570000,-1.390000,-2.290000,0.763300,contango,0.250000,,,,1.000000
2015-02-28,50.730000,51.820000,53.130000,54.450000,-1.090000,-2.400000,-3.720000,1.240000,contango,0.220000,,,,0.500000
2015-03-31,47.850000,49.620000,51.170000,52.440000,-1.770000,-3.320000,-4.590000,1.530000,contango,-0.220000,,,,0.333333
2015-04-30,54.630000,56.130000,57.170000,57.840000,-1.500000,-2.540000,-3.210000,1.070000,contango,-0.460000,,,,0.750000
2015-05-31,59.370000,60.160000,60.590000,60.910000,-0.790000,-1.220000,-1.540000,0.513300,contango,-0.360000,,,,1.000000
2015-06-30,59.830000,60.220000,60.530000,60.780000,-0.390000,-0.700000,-0.950000,0.316700,contango,-0.080000,,,,1.000000
2015-07-31,50.930000,51.340000,51.810000,52.380000,-0.410000,-0.880000,-1.450000,0.483300,contango,0.060000,,,,0.857143
2015-08-31,42.890000,43.480000,44.340000,45.140000,-0.590000,-1.450000,-2.250000,0.750000,contango,0.270000,,,,0.625000
2015-09-30,45.470000,45.960000,46.550000,47.180000,-0.490000,-1.080000,-1.710000,0.570000,contango,0.100000,,,,0.666667
2015-10-31,46.250000,46.890000,47.630000,48.300000,-0.640000,-1.380000,-2.050000,0.683300,contango,0.100000,,,,0.600000
2015-11-30,42.920000,44.120000,45.120000,45.960000,-1.200000,-2.200000,-3.040000,1.013300,contango,-0.200000,,,,0.363636
2015-12-31,37.330000,38.600000,39.660000,40.520000,-1.270000,-2.330000,-3.190000,1.063300,contango,-0.210000,,,,0.333333
2016-01-31,31.780000,33.040000,34.210000,35.230000,-1.260000,-2.430000,-3.450000,1.150000,contango,-0.090000,,,,0.230769
2016-02-29,30.620000,32.570000,34.170000,35.400000,-1.950000,-3.550000,-4.780000,1.593300,contango,-0.350000,,,,0.071429
2016-03-31,37.960000,39.500000,40.440000,41.140000,-1.540000,-2.480000,-3.180000,1.060000,contango,-0.600000,,,,0.466667
2016-04-30,41.130000,42.290000,43.030000,43.520000,-1.160000,-1.900000,-2.390000,0.796700,contango,-0.420000,,,,0.562500
2016-05-31,46.800000,47.400000,47.820000,48.180000,-0.600000,-1.020000,-1.380000,0.460000,contango,-0.180000,,,,0.941176
2016-06-30,48.840000,49.460000,49.970000,50.410000,-0.620000,-1.130000,-1.570000,0.523300,contango,-0.110000,,,,0.777778
2016-07-31,44.800000,45.520000,46.190000,46.870000,-0.720000,-1.390000,-2.070000,0.690000,contango,-0.050000,,,,0.631579
2016-08-31,44.800000,45.490000,46.200000,46.880000,-0.690000,-1.400000,-2.080000,0.693300,contango,0.020000,,,,0.600000
2016-09-30,45.230000,45.810000,46.440000,47.050000,-0.580000,-1.210000,-1.820000,0.606700,contango,0.050000,,,,0.714286
2016-10-31,49.870000,50.380000,50.940000,51.470000,-0.510000,-1.070000,-1.600000,0.533300,contango,0.050000,,,,0.772727
2016-11-30,45.870000,46.560000,47.290000,47.980000,-0.690000,-1.420000,-2.110000,0.703300,contango,0.040000,,,,0.521739
2016-12-31,52.170000,53.140000,53.990000,54.640000,-0.970000,-1.820000,-2.470000,0.823300,contango,-0.120000,-2.453750,0.998219,-0.016279,0.375000
2017-01-31,52.610000,53.390000,54.100000,54.720000,-0.780000,-1.490000,-2.110000,0.703300,contango,-0.070000,-2.446250,1.000177,0.336190,0.540000
2017-02-28,53.460000,53.930000,54.320000,54.640000,-0.470000,-0.860000,-1.180000,0.393300,contango,-0.080000,-2.340417,0.993901,1.167538,0.961538
2017-03-31,49.670000,50.220000,50.610000,50.910000,-0.550000,-0.940000,-1.240000,0.413300,contango,-0.160000,-2.200833,0.894500,1.074157,0.925926
2017-04-30,51.120000,51.520000,51.840000,52.090000,-0.400000,-0.720000,-0.970000,0.323300,contango,-0.080000,-2.107500,0.901459,1.261843,0.964286
2017-05-31,48.540000,48.860000,49.120000,49.340000,-0.320000,-0.580000,-0.800000,0.266700,contango,-0.060000,-2.076667,0.933789,1.367189,1.000000
2017-06-30,45.200000,45.430000,45.650000,45.870000,-0.230000,-0.450000,-0.670000,0.223300,contango,-0.010000,-2.065000,0.950085,1.468290,1.000000
2017-07-31,46.680000,46.840000,47.020000,47.220000,-0.160000,-0.340000,-0.540000,0.180000,contango,0.020000,-2.027083,0.992890,1.497732,1.000000
2017-08-31,48.060000,48.300000,48.510000,48.680000,-0.240000,-0.450000,-0.620000,0.206700,contango,-0.030000,-1.959167,1.031959,1.297694,0.968750
2017-09-30,49.880000,50.310000,50.640000,50.880000,-0.430000,-0.760000,-1.000000,0.333300,contango,-0.100000,-1.929583,1.049441,0.885789,0.818182
2017-10-31,51.690000,51.960000,52.150000,52.280000,-0.270000,-0.460000,-0.590000,0.196700,contango,-0.080000,-1.868750,1.083907,1.179760,0.970588
2017-11-30,56.540000,56.710000,56.780000,56.800000,-0.170000,-0.240000,-0.260000,0.086700,contango,-0.100000,-1.752917,1.101696,1.355107,1.000000
2017-12-31,57.950000,57.990000,57.970000,57.900000,-0.040000,-0.020000,0.050000,-0.016700,flat,-0.060000,-1.617917,1.116357,1.494072,1.000000
2018-01-31,63.550000,63.460000,63.270000,63.010000,0.090000,0.280000,0.540000,-0.180000,backwardation,-0.100000,-1.451667,1.128688,1.764586,1.000000
2018-02-28,62.160000,61.970000,61.630000,61.210000,0.190000,0.530000,0.950000,-0.316700,backwardation,-0.150000,-1.212917,0.991764,2.180879,1.000000
2018-03-31,62.870000,62.800000,62.540000,62.130000,0.070000,0.330000,0.740000,-0.246700,backwardation,-0.190000,-1.049583,0.976393,1.832851,0.974359
2018-04-30,66.330000,66.270000,65.980000,65.490000,0.060000,0.350000,0.840000,-0.280000,backwardation,-0.230000,-0.915000,1.005766,1.744939,0.975000
2018-05-31,69.890000,69.840000,69.530000,69.060000,0.050000,0.360000,0.830000,-0.276700,backwardation,-0.260000,-0.822917,1.060994,1.557894,0.951220
2018-06-30,67.320000,66.820000,66.240000,65.800000,0.500000,1.080000,1.520000,-0.506700,backwardation,-0.080000,-0.694167,1.150134,1.925138,1.000000
2018-07-31,70.740000,69.220000,67.810000,67.280000,1.520000,2.930000,3.460000,-1.153300,backwardation,0.110000,-0.463750,1.391192,2.820423,1.000000
2018-08-31,67.850000,67.150000,66.810000,66.510000,0.700000,1.040000,1.340000,-0.446700,backwardation,0.360000,-0.321250,1.393595,1.192061,0.954545
2018-09-30,70.070000,69.810000,69.630000,69.430000,0.260000,0.440000,0.640000,-0.213300,backwardation,0.080000,-0.218750,1.368815,0.627367,0.844444
2018-10-31,70.760000,70.740000,70.730000,70.710000,0.020000,0.030000,0.050000,-0.016700,flat,0.010000,-0.150000,1.337503,0.149532,0.793478
2018-11-30,56.600000,56.780000,56.940000,57.110000,-0.180000,-0.340000,-0.510000,0.170000,contango,-0.020000,-0.083333,1.273925,-0.334923,0.744681
2018-12-31,48.680000,48.970000,49.250000,49.570000,-0.290000,-0.570000,-0.890000,0.296700,contango,-0.010000,-0.017500,1.182791,-0.737662,0.625000
2019-01-31,51.380000,51.680000,52.020000,52.410000,-0.300000,-0.640000,-1.030000,0.343300,contango,0.040000,0.027500,1.118517,-0.945448,0.551020
2019-02-28,55.010000,55.390000,55.880000,56.370000,-0.380000,-0.870000,-1.360000,0.453300,contango,0.110000,0.020000,1.127533,-1.223911,0.500000
2019-03-31,58.170000,58.470000,58.780000,59.100000,-0.300000,-0.610000,-0.930000,0.310000,contango,0.010000,0.032917,1.114168,-0.864248,0.627451
2019-04-30,63.880000,63.930000,63.940000,63.860000,-0.050000,-0.060000,0.020000,-0.006700,flat,-0.040000,0.074167,1.093558,-0.049533,0.788462
2019-05-31,60.770000,60.900000,60.960000,60.920000,-0.130000,-0.190000,-0.150000,0.050000,flat,-0.070000,0.101250,1.078918,-0.232872,0.773585
2019-06-30,54.710000,54.880000,54.920000,54.880000,-0.170000,-0.210000,-0.170000,0.056700,flat,-0.130000,0.122083,1.068152,-0.273447,0.759259
2019-07-31,57.540000,57.630000,57.630000,57.570000,-0.090000,-0.090000,-0.030000,0.010000,flat,-0.090000,0.143333,1.059445,-0.163608,0.781818
2019-08-31,54.840000,54.740000,54.490000,54.180000,0.100000,0.350000,0.660000,-0.220000,backwardation,-0.150000,0.196667,1.051536,0.440625,0.875000
2019-09-30,56.880000,56.750000,56.420000,55.970000,0.130000,0.460000,0.910000,-0.303300,backwardation,-0.200000,0.276250,1.029068,0.615849,0.929825
2019-10-31,54.010000,54.050000,53.950000,53.740000,-0.040000,0.060000,0.270000,-0.090000,backwardation,-0.140000,0.312083,1.012431,-0.041567,0.810345
2019-11-30,57.120000,57.130000,56.950000,56.630000,-0.010000,0.170000,0.490000,-0.163300,backwardation,-0.190000,0.343333,1.005557,0.145856,0.813559
2019-12-31,59.860000,59.740000,59.440000,59.050000,0.120000,0.420000,0.810000,-0.270000,backwardation,-0.180000,0.375000,1.007882,0.431598,0.883333
2020-01-31,57.530000,57.500000,57.380000,57.150000,0.030000,0.150000,0.380000,-0.126700,backwardation,-0.090000,0.368333,1.007272,0.011582,0.786885
2020-02-29,50.540000,50.730000,50.930000,51.080000,-0.190000,-0.390000,-0.540000,0.180000,contango,0.010000,0.306250,1.015745,-0.833132,0.620968
2020-03-31,30.450000,31.660000,32.830000,33.760000,-1.210000,-2.380000,-3.310000,1.103300,contango,-0.040000,0.137500,1.249968,-2.758071,0.079365
2020-04-30,16.700000,24.080000,27.480000,29.170000,-7.380000,-10.780000,-12.470000,4.156700,contango,-3.980000,-0.417083,2.851466,-4.226920,0.015625
2020-05-31,28.530000,29.310000,30.300000,31.100000,-0.780000,-1.770000,-2.570000,0.856700,contango,0.210000,-0.558750,2.871205,-0.700490,0.169231
2020-06-30,38.310000,38.530000,38.740000,38.900000,-0.220000,-0.430000,-0.590000,0.196700,contango,-0.010000,-0.646667,2.836885,0.019975,0.613636
2020-07-31,40.770000,40.940000,41.130000,41.290000,-0.170000,-0.360000,-0.520000,0.173300,contango,0.020000,-0.812500,2.699384,0.108358,0.656716
2020-08-31,42.390000,42.660000,42.980000,43.280000,-0.270000,-0.590000,-0.890000,0.296700,contango,0.050000,-0.905417,2.660165,0.005795,0.536765
2020-09-30,39.630000,39.920000,40.280000,40.670000,-0.290000,-0.650000,-1.040000,0.346700,contango,0.070000,-0.975417,2.639756,-0.024466,0.449275
2020-10-31,39.560000,39.850000,40.190000,40.520000,-0.290000,-0.630000,-0.960000,0.320000,contango,0.050000,-1.017500,2.630733,0.021857,0.500000
2020-11-30,41.130000,41.390000,41.680000,41.950000,-0.260000,-0.550000,-0.820000,0.273300,contango,0.030000,-1.030417,2.628894,0.080040,0.563380
2020-12-31,47.070000,47.230000,47.340000,47.410000,-0.160000,-0.270000,-0.340000,0.113300,contango,-0.050000,-1.007500,2.632566,0.253555,0.694444
2021-01-31,52.100000,52.100000,52.010000,51.840000,0.000000,0.090000,0.260000,-0.086700,backwardation,-0.090000,-0.953750,2.645225,0.458846,0.794521
2021-02-28,59.060000,58.950000,58.630000,58.170000,0.110000,0.430000,0.890000,-0.296700,backwardation,-0.210000,-0.860000,2.669957,0.655441,0.932432
2021-03-31,62.360000,62.320000,62.050000,61.610000,0.040000,0.310000,0.750000,-0.250000,backwardation,-0.230000,-0.790000,2.689989,0.572493,0.880000
2021-04-30,61.700000,61.700000,61.530000,61.210000,0.000000,0.170000,0.490000,-0.163300,backwardation,-0.170000,-0.770417,2.697842,0.467194,0.809211
2021-05-31,65.160000,65.070000,64.800000,64.390000,0.090000,0.360000,0.770000,-0.256700,backwardation,-0.180000,-0.732083,2.713531,0.553553,0.883117
2021-06-30,71.350000,70.980000,70.280000,69.510000,0.370000,1.070000,1.840000,-0.613300,backwardation,-0.330000,-0.648333,2.762215,0.900847,0.987179
2021-07-31,72.430000,71.840000,70.950000,70.080000,0.590000,1.480000,2.350000,-0.783300,backwardation,-0.300000,-0.549167,2.827334,1.025407,0.987342
2021-08-31,67.710000,67.430000,67.040000,66.600000,0.280000,0.670000,1.110000,-0.370000,backwardation,-0.110000,-0.530417,2.837176,0.578186,0.937500
2021-09-30,71.550000,71.280000,70.860000,70.370000,0.270000,0.690000,1.180000,-0.393300,backwardation,-0.150000,-0.519167,2.843664,0.597527,0.938272
2021-10-31,81.220000,80.450000,79.500000,78.560000,0.770000,1.720000,2.660000,-0.886700,backwardation,-0.180000,-0.419583,2.913493,1.057007,0.987805
2021-11-30,79.180000,78.230000,77.160000,76.110000,0.950000,2.020000,3.070000,-1.023300,backwardation,-0.120000,-0.312083,2.994971,1.129254,0.987952
2021-12-31,71.690000,71.460000,71.120000,70.740000,0.230000,0.570000,0.950000,-0.316700,backwardation,-0.110000,-0.306250,2.997387,0.419115,0.886905
2022-01-31,82.980000,82.150000,81.300000,80.470000,0.830000,1.680000,2.510000,-0.836700,backwardation,-0.020000,-0.217500,3.049667,0.894360,0.964706
2022-02-28,91.630000,90.040000,88.360000,86.770000,1.590000,3.270000,4.860000,-1.620000,backwardation,-0.090000,0.007500,3.219322,1.507305,1.000000
2022-03-31,108.260000,105.630000,102.520000,99.420000,2.630000,5.740000,8.840000,-2.946700,backwardation,-0.480000,0.513750,3.606933,2.308402,1.000000
2022-04-30,101.640000,100.720000,99.600000,98.310000,0.920000,2.040000,3.330000,-1.110000,backwardation,-0.200000,1.172083,2.360739,0.914085,0.965909
2022-05-31,109.260000,107.120000,104.690000,102.280000,2.140000,4.570000,6.980000,-2.326700,backwardation,-0.290000,1.570000,2.503125,2.161298,0.988764
2022-06-30,114.340000,111.870000,109.200000,106.710000,2.470000,5.140000,7.630000,-2.543300,backwardation,-0.200000,1.912500,2.745370,2.082598,0.988889
2022-07-31,99.390000,96.680000,94.170000,91.990000,2.710000,5.220000,7.400000,-2.466700,backwardation,0.200000,2.242500,2.911254,1.771573,0.978022
2022-08-31,91.480000,90.830000,90.140000,89.350000,0.650000,1.340000,2.130000,-0.710000,backwardation,-0.040000,2.368333,2.834219,-0.084091,0.880435
2022-09-30,83.800000,83.310000,82.600000,81.760000,0.490000,1.200000,2.040000,-0.680000,backwardation,-0.220000,2.496667,2.741391,-0.166582,0.870968
2022-10-31,87.030000,85.930000,84.680000,83.380000,1.100000,2.350000,3.650000,-1.216700,backwardation,-0.150000,2.688750,2.648595,0.362928,0.946809
2022-11-30,84.390000,83.890000,83.260000,82.580000,0.500000,1.130000,1.810000,-0.603300,backwardation,-0.130000,2.798333,2.549671,-0.387632,0.842105
2022-12-31,76.520000,76.620000,76.670000,76.650000,-0.100000,-0.150000,-0.130000,0.043300,flat,-0.050000,2.807083,2.538770,-1.156892,0.562500
2023-01-31,78.160000,78.440000,78.650000,78.730000,-0.280000,-0.490000,-0.570000,0.190000,contango,-0.070000,2.772500,2.580289,-1.295398,0.474227
2023-02-28,76.860000,77.090000,77.230000,77.180000,-0.230000,-0.370000,-0.320000,0.106700,contango,-0.090000,2.722083,2.630012,-1.156680,0.530612
2023-03-31,73.370000,73.520000,73.540000,73.380000,-0.150000,-0.170000,-0.010000,0.003300,flat,-0.130000,2.690417,2.659203,-1.015498,0.585859
2023-04-30,79.440000,79.380000,79.050000,78.510000,0.060000,0.390000,0.930000,-0.310000,backwardation,-0.270000,2.708750,2.644851,-0.672533,0.780000
2023-05-31,71.620000,71.620000,71.430000,71.100000,0.000000,0.190000,0.520000,-0.173300,backwardation,-0.190000,2.698333,2.653298,-0.820991,0.663366
2023-06-30,70.270000,70.440000,70.380000,70.200000,-0.170000,-0.110000,0.070000,-0.023300,flat,-0.230000,2.624583,2.702339,-0.945323,0.607843
2023-07-31,76.030000,75.860000,75.560000,75.220000,0.170000,0.470000,0.810000,-0.270000,backwardation,-0.130000,2.560417,2.727310,-0.641811,0.733010
2023-08-31,81.320000,80.810000,80.350000,79.890000,0.510000,0.970000,1.430000,-0.476700,backwardation,0.050000,2.573750,2.720685,-0.420390,0.836538
2023-09-30,89.430000,88.340000,87.150000,85.990000,1.090000,2.280000,3.440000,-1.146700,backwardation,-0.100000,2.667917,2.709436,0.284961,0.933333
2023-10-31,85.470000,84.280000,83.100000,82.050000,1.190000,2.370000,3.420000,-1.140000,backwardation,0.010000,2.699583,2.713777,0.265466,0.924528
2023-11-30,77.380000,77.390000,77.280000,77.090000,-0.010000,0.100000,0.290000,-0.096700,backwardation,-0.120000,2.583750,2.756276,-0.832192,0.607477
2023-12-31,72.120000,72.370000,72.570000,72.710000,-0.250000,-0.450000,-0.590000,0.196700,contango,-0.050000,2.519583,2.813300,-1.105315,0.416667
2024-01-31,73.860000,73.840000,73.810000,73.730000,0.020000,0.050000,0.130000,-0.043300,flat,-0.010000,2.420417,2.855286,-0.802167,0.587156
2024-02-29,76.610000,76.250000,75.930000,75.550000,0.360000,0.680000,1.060000,-0.353300,backwardation,0.040000,2.262083,2.819255,-0.426383,0.790909
2024-03-31,80.410000,79.840000,79.290000,78.670000,0.570000,1.120000,1.740000,-0.580000,backwardation,0.020000,1.966250,2.446930,-0.092463,0.837838
2024-04-30,85.560000,84.710000,83.840000,82.920000,0.850000,1.720000,2.640000,-0.880000,backwardation,-0.020000,1.937500,2.434231,0.288592,0.892857
