date,near,deferred,gross_spread,storage_cost,financing_cost,insurance_cost,handling_cost,total_carry_cost,net_carry,breakeven_monthly_storage,mean_stocks_million_bbl,last_stocks_million_bbl,weekly_observations,stock_change_million_bbl,carry_covers_costs,stocks_build
2015-01-01,47.33,49.62,2.289999999999999,1.5,0.7153013482619769,0.0354975,0.2,2.450798848261977,-0.1607988482619777,0.446400383912674,36.6014,41.384,5,10.591000000000001,False,True
2015-02-01,50.73,54.45,3.720000000000006,1.5,0.7666857679554212,0.0380475,0.2,2.5047332679554213,1.215266732044585,0.9050889106815282,46.68875,49.216,4,7.832000000000001,True,True
2015-03-01,47.85,52.44,4.589999999999996,1.5,0.7231601418621508,0.0358875,0.2,2.459047641862151,2.1309523581378453,1.210317452712615,55.2995,58.943,4,9.726999999999997,True,True
2015-04-01,54.63,57.84,3.210000000000001,1.5,0.8256267199567252,0.0409725,0.2,2.566599219956725,0.6434007800432757,0.714466926681092,61.38075,61.686,4,2.743000000000002,True,True
2015-05-01,59.37,60.91,1.5399999999999991,1.5,0.8972626462352328,0.0445275,0.2,2.6417901462352327,-1.1017901462352335,0.1327366179215888,60.367599999999996,59.027,5,-2.658999999999999,False,False
2015-06-01,59.83,60.78,0.9500000000000028,1.5,0.9042146559584636,0.0448725,0.2,2.649087155958464,-1.6990871559584606,-0.0663623853194868,57.18275,56.368,4,-2.658999999999999,False,False
2015-07-01,50.93,52.38,1.4500000000000028,1.5,0.7697083808785651,0.0381975,0.2,2.507905880878565,-1.0579058808785622,0.1473647063738126,57.312,57.164,5,0.7959999999999994,False,True
2015-08-01,42.89,45.14,2.25,1.5,0.6481993413681849,0.0321675,0.2,2.380366841368185,-0.1303668413681848,0.456544386210605,57.3885,57.307,4,0.14300000000000068,False,True
2015-09-01,45.47,47.18,1.7100000000000009,1.5,0.6871910480767397,0.0341025,0.2,2.42129354807674,-0.7112935480767388,0.2629021506410871,54.4825,52.974,4,-4.3330000000000055,False,False
2015-10-01,46.25,48.3,2.049999999999997,1.5,0.6989792384770005,0.0346875,0.2,2.4336667384770005,-0.3836667384770034,0.3721110871743322,53.5688,53.122,5,0.14800000000000324,False,True
2015-11-01,42.92,45.96,3.039999999999999,1.5,0.6486527333066565,0.03219,0.2,2.3808427333066566,0.6591572666933425,0.7197190888977808,57.45925,59.026,4,5.9040000000000035,True,True
2015-12-01,37.33,40.52,3.190000000000005,1.5,0.5641707021047876,0.0279974999999999,0.2,2.2921682021047878,0.8978317978952173,0.7992772659650725,61.14975,62.993,4,3.9669999999999987,True,True
2016-01-01,31.78,35.23,3.449999999999996,1.5,0.4802931934875476,0.023835,0.2,2.204128193487548,1.245871806512448,0.915290602170816,63.9432,64.174,5,1.1810000000000045,True,True
2016-02-01,30.62,35.4,4.779999999999998,1.5,0.4627620385333136,0.022965,0.2,2.1857270385333134,2.594272961466684,1.364757653822228,65.188,66.256,4,2.0819999999999936,True,True
2016-03-01,37.96,41.14,3.18,1.5,0.5736919328126906,0.02847,0.2,2.3021619328126905,0.8778380671873092,0.7926126890624364,66.65775,65.961,4,-0.2950000000000017,True,False
2016-04-01,41.13,43.52,2.390000000000001,1.5,0.6216003476445197,0.0308475,0.2,2.35244784764452,0.0375521523554809,0.5125173841184937,65.5026,66.292,5,0.33100000000000307,True,True
2016-05-01,46.8,48.18,1.3800000000000026,1.5,0.7072914240156458,0.0351,0.2,2.442391424015646,-1.0623914240156431,0.1458695253281189,67.65725,66.92,4,0.6280000000000001,False,True
2016-06-01,48.84,50.41,1.5699999999999932,1.5,0.7381220758317126,0.03663,0.2,2.474752075831713,-0.9047520758317196,0.1984159747227601,65.35725,64.23,4,-2.6899999999999977,False,False
2016-07-01,44.8,46.87,2.0700000000000003,1.5,0.677065294784208,0.0336,0.2,2.410665294784208,-0.3406652947842077,0.3864449017385974,64.2952,64.092,5,-0.13800000000000523,False,False
2016-08-01,44.8,46.88,2.0800000000000054,1.5,0.677065294784208,0.0336,0.2,2.410665294784208,-0.3306652947842026,0.3897782350719325,64.63975,63.867,4,-0.22500000000000142,False,False
2016-09-01,45.23,47.05,1.8200000000000005,1.5,0.6835639125689671,0.0339225,0.2,2.417486412568967,-0.5974864125689667,0.3008378624770111,62.614,62.652,5,-1.2149999999999963,False,False
2016-10-01,49.87,51.47,1.6000000000000014,1.5,0.7536885323859029,0.0374025,0.2,2.491091032385903,-0.8910910323859016,0.2029696558713661,59.4615,58.451,4,-4.2010000000000005,False,False
2016-11-01,45.87,47.98,2.1099999999999994,1.5,0.6932362739230272,0.0344024999999999,0.2,2.427638773923027,-0.3176387739230277,0.394120408692324,59.5585,61.502,4,3.051000000000002,False,True
2016-12-01,52.17,54.64,2.469999999999999,1.5,0.7884485810020566,0.0391275,0.2,2.5275760810020564,-0.0575760810020578,0.480807972999314,66.4,67.509,5,6.006999999999998,False,True
2017-01-01,52.61,54.72,2.1099999999999994,1.5,0.7950983294329729,0.0394575,0.2,2.534555829432973,-0.4245558294329734,0.3584813901890089,65.52125,64.127,4,-3.382000000000005,False,False
2017-02-01,53.46,54.64,1.1799999999999995,1.5,0.807944434356334,0.040095,0.2,2.548039434356334,-1.3680394343563342,0.0439868552145552,64.10325,63.535,4,-0.5919999999999987,False,False
2017-03-01,49.67,50.91,1.2399999999999949,1.5,0.7506659194627593,0.0372525,0.2,2.4879184194627597,-1.2479184194627644,0.0840271935124118,67.152,69.144,5,5.609000000000009,False,True
2017-04-01,51.12,52.09,0.970000000000006,1.5,0.7725798631555516,0.03834,0.2,2.510919863155552,-1.5409198631555456,-0.0136399543851818,68.053,66.711,4,-2.433000000000007,False,False
2017-05-01,48.54,49.34,0.8000000000000043,1.5,0.7335881564469968,0.036405,0.2,2.469993156446997,-1.6699931564469923,-0.0566643854823308,65.742,64.82,4,-1.8910000000000053,False,False
2017-06-01,45.2,45.87,0.6699999999999946,1.5,0.6831105206304957,0.0339,0.2,2.4170105206304955,-1.747010520630501,-0.082336840210167,61.4176,59.509,5,-5.310999999999993,False,False
2017-07-01,46.68,47.22,0.5399999999999991,1.5,0.7054778562617596,0.03501,0.2,2.44048785626176,-1.9004878562617604,-0.1334959520872534,56.6845,55.8,4,-3.709000000000003,False,False
2017-08-01,48.06,48.68,0.6199999999999974,1.5,0.7263338854314518,0.036045,0.2,2.462378885431452,-1.8423788854314544,-0.1141262951438181,56.79825,57.233,4,1.4329999999999998,False,True
2017-09-01,49.88,50.88,1.0,1.5,0.7538396630320603,0.03741,0.2,2.49124966303206,-1.4912496630320604,0.0029167789893131,60.047599999999996,62.462,5,5.229000000000006,False,True
2017-10-01,51.69,52.28,0.5900000000000034,1.5,0.7811943099865114,0.0387674999999999,0.2,2.519961809986511,-1.929961809986508,-0.1433206033288359,63.8395,63.839,4,1.3769999999999953,False,True
2017-11-01,56.54,56.8,0.259999999999998,1.5,0.8544926733727483,0.042405,0.2,2.596897673372748,-2.33689767337275,-0.2789658911242501,61.789,58.314,4,-5.524999999999999,False,False
2017-12-01,57.95,57.9,-0.0500000000000042,1.5,0.8758020944809121,0.0434625,0.2,2.619264594480912,-2.669264594480916,-0.3897548648269721,52.238,48.973,5,-9.341000000000001,False,False
2018-01-01,63.55,63.01,-0.5399999999999991,1.5,0.960435256328938,0.0476625,0.2,2.7080977563289377,-3.248097756328937,-0.5826992521096457,41.309,37.02,4,-11.952999999999996,False,False
2018-02-01,62.16,61.21,-0.9499999999999956,1.5,0.9394280965130886,0.04662,0.2,2.6860480965130886,-3.636048096513085,-0.7120160321710282,31.941,28.785,4,-8.235000000000003,False,False
2018-03-01,62.87,62.13,-0.7399999999999949,1.5,0.950158372390249,0.0471525,0.2,2.697310872390249,-3.437310872390244,-0.645770290796748,30.4482,34.893,5,6.1080000000000005,False,True
2018-04-01,66.33,65.49,-0.8400000000000034,1.5,1.0024495759606369,0.0497475,0.2,2.7521970759606367,-3.59219707596064,-0.6973990253202134,35.51925,35.782,4,0.8889999999999958,False,True
2018-05-01,69.89,69.06,-0.8299999999999983,1.5,1.056252085992596,0.0524175,0.2,2.808669585992596,-3.638669585992594,-0.7128898619975313,36.50925,35.544,4,-0.23799999999999955,False,False
2018-06-01,67.32,65.8,-1.519999999999996,1.5,1.017411509930198,0.0504899999999999,0.2,2.767901509930198,-4.287901509930194,-0.9293005033100646,31.754,27.78,5,-7.763999999999996,False,False
2018-07-01,70.74,67.28,-3.4599999999999937,1.5,1.069098190915957,0.053055,0.2,2.822153190915957,-6.282153190915951,-1.5940510636386502,24.175,22.393,4,-5.3870000000000005,False,False
2018-08-01,67.85,66.51,-1.3399999999999892,1.5,1.025421434176529,0.0508874999999999,0.2,2.776308934176529,-4.116308934176518,-0.8721029780588395,23.7136,24.825,5,2.4319999999999986,False,True
2018-09-01,70.07,69.43,-0.6399999999999864,1.5,1.0589724376234253,0.0525524999999999,0.2,2.811524937623425,-3.451524937623412,-0.6505083125411372,23.30075,24.493,4,-0.33200000000000074,False,False
2018-10-01,70.76,70.71,-0.0500000000000113,1.5,1.0694004522082716,0.05307,0.2,2.822470452208272,-2.872470452208283,-0.4574901507360943,29.339,31.877,4,7.384,False,True
2018-11-01,56.6,57.11,0.509999999999998,1.5,0.8553994572496915,0.04245,0.2,2.5978494572496915,-2.087849457249693,-0.1959498190832311,35.9766,38.253,5,6.376000000000001,False,True
2018-12-01,48.68,49.57,0.8900000000000006,1.5,0.7357039854931975,0.03651,0.2,2.4722139854931973,-1.582213985493197,-0.0274046618310656,40.779,41.932,4,3.679000000000002,False,True
2019-01-01,51.38,52.41,1.029999999999994,1.5,0.7765092599556387,0.038535,0.2,2.515044259955639,-1.4850442599556446,0.0049852466814518,41.5735,41.184,4,-0.7480000000000047,False,False
2019-02-01,55.01,56.37,1.3599999999999994,1.5,0.8313696845106983,0.0412575,0.2,2.572627184510698,-1.2126271845106988,0.0957909384964337,43.9765,46.65,4,5.466000000000001,False,True
2019-03-01,58.17,59.1,0.9299999999999996,1.5,0.8791269686963702,0.0436275,0.2,2.62275446869637,-1.6927544686963705,-0.0642514895654568,46.9612,47.125,5,0.4750000000000014,False,True
2019-04-01,63.88,63.86,-0.0200000000000031,1.5,0.9654225676521252,0.04791,0.2,2.713332567652125,-2.7333325676521283,-0.4111108558840428,45.1325,45.177,4,-1.9480000000000004,False,False
2019-05-01,60.77,60.92,0.1499999999999985,1.5,0.9184209366972396,0.0455775,0.2,2.66399843669724,-2.513998436697241,-0.3379994788990803,48.5534,50.844,5,5.667000000000002,False,True
2019-06-01,54.71,54.88,0.1700000000000017,1.5,0.8268357651259827,0.0410325,0.2,2.5678682651259828,-2.397868265125981,-0.2992894217086603,52.7115,52.488,4,1.6439999999999984,False,True
2019-07-01,57.54,57.57,0.0300000000000011,1.5,0.8696057379884672,0.043155,0.2,2.6127607379884674,-2.5827607379884663,-0.3609202459961553,50.567,48.865,4,-3.6229999999999976,False,False
2019-08-01,54.84,54.18,-0.6600000000000037,1.5,0.8288004635260262,0.04113,0.2,2.5699304635260263,-3.22993046352603,-0.57664348784201,43.0,40.126,5,-8.739000000000004,False,False
2019-09-01,56.88,55.97,-0.9100000000000036,1.5,0.8596311153420928,0.04266,0.2,2.602291115342093,-3.5122911153420966,-0.6707637051140322,39.9205,40.736,4,0.6099999999999994,False,True
2019-10-01,54.01,53.74,-0.269999999999996,1.5,0.8162566198949793,0.0405075,0.2,2.5567641198949795,-2.826764119894976,-0.4422547066316584,43.78,46.031,4,5.295000000000002,False,True
2019-11-01,57.12,56.63,-0.4899999999999949,1.5,0.8632582508498652,0.0428399999999999,0.2,2.606098250849865,-3.09609825084986,-0.5320327502832867,45.285599999999995,43.822,5,-2.208999999999996,False,False
2019-12-01,59.86,59.05,-0.8100000000000023,1.5,0.9046680478969352,0.044895,0.2,2.649563047896935,-3.459563047896937,-0.6531876826323125,38.6715,36.322,4,-7.5,False,False
2020-01-01,57.53,57.15,-0.3800000000000025,1.5,0.8694546073423101,0.0431475,0.2,2.61260210734231,-2.9926021073423126,-0.4975340357807709,35.714800000000004,36.708,5,0.3859999999999957,False,True
2020-02-01,50.54,51.08,0.5399999999999991,1.5,0.7638142856784347,0.037905,0.2,2.5017192856784347,-1.961719285678436,-0.1539064285594785,38.2365,37.178,4,0.46999999999999886,False,True
2020-03-01,30.45,33.76,3.3099999999999987,1.5,0.4601928175486414,0.0228375,0.2,2.183030317548641,1.126969682451357,0.8756565608171192,39.6135,42.824,4,5.646000000000001,True,True
2020-04-01,16.7,29.17,12.470000000000002,1.5,0.2523881790825061,0.012525,0.2,1.964913179082506,10.505086820917496,4.001695606972499,56.83125,63.378,4,20.554000000000002,True,True
2020-05-01,28.53,31.1,2.5700000000000003,1.5,0.4311757334864611,0.0213975,0.2,2.152573233486461,0.4174267665135391,0.6391422555045131,57.9864,51.723,5,-11.655000000000001,True,False
2020-06-01,38.31,38.9,0.5899999999999963,1.5,0.5789815054281923,0.0287325,0.2,2.3077140054281924,-1.717714005428196,-0.072571335142732,46.92675,45.582,4,-6.140999999999998,False,False
2020-07-01,40.77,41.29,0.519999999999996,1.5,0.6161596443828609,0.0305775,0.2,2.346737144382861,-1.8267371443828648,-0.1089123814609549,50.002199999999995,51.953,5,6.371000000000002,False,True
2020-08-01,42.39,43.28,0.8900000000000006,1.5,0.6406428090603254,0.0317925,0.2,2.372435309060325,-1.4824353090603248,0.0058548969798917,52.72175,52.513,4,0.5599999999999952,False,True
2020-09-01,39.63,40.67,1.0399999999999991,1.5,0.5989307507209413,0.0297225,0.2,2.328653250720941,-1.288653250720942,0.0704489164263526,54.74375,56.066,4,3.5530000000000044,False,True
2020-10-01,39.56,40.52,0.9600000000000009,1.5,0.5978728361978409,0.02967,0.2,2.327542836197841,-1.36754283619784,0.0441523879340532,59.4642,60.931,5,4.864999999999995,False,True
2020-11-01,41.13,41.95,0.8200000000000003,1.5,0.6216003476445197,0.0308475,0.2,2.35244784764452,-1.5324478476445194,-0.0108159492148397,60.37325,59.575,4,-1.3559999999999945,False,False
2020-12-01,47.07,47.41,0.3399999999999963,1.5,0.71137195146189,0.0353025,0.2,2.44667445146189,-2.1066744514618936,-0.2022248171539646,58.35325,58.41,4,-1.1650000000000063,False,False
2021-01-01,52.1,51.84,-0.259999999999998,1.5,0.7873906664789563,0.039075,0.2,2.5264656664789564,-2.7864656664789544,-0.428821888826318,53.57,48.702,5,-9.707999999999998,False,False
2021-02-01,59.06,58.17,-0.8900000000000006,1.5,0.8925775962043601,0.044295,0.2,2.63687259620436,-3.526872596204361,-0.6756241987347869,47.29775,48.308,4,-0.39399999999999835,False,False
2021-03-01,62.36,61.61,-0.75,1.5,0.9424507094362324,0.04677,0.2,2.689220709436232,-3.439220709436232,-0.6464069031454108,47.594,47.057,4,-1.2509999999999977,False,False
2021-04-01,61.7,61.21,-0.490000000000002,1.5,0.932476086789858,0.046275,0.2,2.678751086789858,-3.16875108678986,-0.5562503622632867,46.1476,46.326,5,-0.7310000000000016,False,False
2021-05-01,65.16,64.39,-0.769999999999996,1.5,0.9847672903602454,0.04887,0.2,2.733637290360245,-3.503637290360241,-0.6678790967867471,45.4905,45.539,4,-0.786999999999999,False,False
2021-06-01,71.35,69.51,-1.8399999999999888,1.5,1.0783171603315456,0.0535125,0.2,2.831829660331546,-4.671829660331535,-1.057276553443845,42.81,40.261,4,-5.277999999999999,False,False
2021-07-01,72.43,70.08,-2.3500000000000085,1.5,1.0946392701165222,0.0543225,0.2,2.848961770116522,-5.198961770116531,-1.2329872567055102,36.951800000000006,34.9,5,-5.361000000000004,False,False
2021-08-01,67.71,66.6,-1.1099999999999994,1.5,1.0233056051303286,0.0507824999999999,0.2,2.7740881051303283,-3.884088105130328,-0.7946960350434426,34.084,34.501,4,-0.3990000000000009,False,False
2021-09-01,71.55,70.37,-1.1799999999999926,1.5,1.0813397732546894,0.0536625,0.2,2.8350022732546893,-4.015002273254682,-0.838334091084894,34.8865,33.971,4,-0.5300000000000011,False,False
2021-10-01,81.22,78.56,-2.6599999999999966,1.5,1.2274831080886914,0.060915,0.2,2.9883981080886914,-5.6483981080886885,-1.3827993693628962,30.8098,26.416,5,-7.554999999999996,False,False
2021-11-01,79.18,76.11,-3.0700000000000074,1.5,1.196652456272625,0.059385,0.2,2.9560374562726253,-6.026037456272633,-1.5086791520908776,27.22725,28.544,4,2.128,False,True
2021-12-01,71.69,70.74,-0.9500000000000028,1.5,1.08345560230089,0.0537675,0.2,2.8372231023008903,-3.787223102300893,-0.7624077007669644,33.7674,37.306,5,8.761999999999997,False,True
2022-01-01,82.98,80.47,-2.510000000000005,1.5,1.254082101812357,0.062235,0.2,3.0163171018123567,-5.526317101812362,-1.3421057006041206,32.64775,30.528,4,-6.777999999999999,False,False
2022-02-01,91.63,86.77,-4.859999999999999,1.5,1.3848101107383255,0.0687224999999999,0.2,3.153532610738325,-8.013532610738325,-2.1711775369127757,25.0345,22.806,4,-7.721999999999998,False,False
2022-03-01,108.26,99.42,-8.840000000000003,1.5,1.6361403752977317,0.081195,0.2,3.417335375297731,-12.257335375297735,-3.5857784584325785,23.92575,24.233,4,1.4269999999999996,False,True
2022-04-01,101.64,98.31,-3.3299999999999983,1.5,1.536091887541672,0.07623,0.2,3.312321887541672,-6.64232188754167,-1.7141072958472234,26.931,28.829,5,4.596,False,True
2022-05-01,109.26,102.28,-6.980000000000004,1.5,1.6512534399134504,0.081945,0.2,3.4331984399134505,-10.413198439913456,-2.9710661466378183,25.97325,25.034,4,-3.7950000000000017,False,False
2022-06-01,114.34,106.71,-7.63000000000001,1.5,1.7280278081613023,0.085755,0.2,3.5137828081613027,-11.143782808161312,-3.214594269387104,22.34,21.261,4,-3.7729999999999997,False,False
2022-07-01,99.39,91.99,-7.400000000000006,1.5,1.5020874921563043,0.0745425,0.2,3.2766299921563045,-10.67662999215631,-3.0588766640521032,22.7542,24.466,5,3.205000000000002,False,True
2022-08-01,91.48,89.35,-2.1300000000000097,1.5,1.3825431510459678,0.06861,0.2,3.151153151045968,-5.281153151045977,-1.2603843836819923,25.41525,25.284,4,0.8179999999999978,False,True
2022-09-01,83.8,81.76,-2.039999999999992,1.5,1.2664748147972462,0.06285,0.2,3.0293248147972465,-5.069324814797239,-1.189774938265746,25.2122,25.956,5,0.6720000000000006,False,True
2022-10-01,87.03,83.38,-3.6500000000000057,1.5,1.3152900135060184,0.0652725,0.2,3.0805625135060186,-6.730562513506024,-1.7435208378353415,26.7345,28.164,4,2.208000000000002,False,True
2022-11-01,84.39,82.58,-1.8100000000000025,1.5,1.2753915229205204,0.0632925,0.2,3.0386840229205205,-4.848684022920523,-1.1162280076401745,25.47575,24.315,4,-3.849,False,False
2022-12-01,76.52,76.65,0.1300000000000096,1.5,1.1564517043948124,0.05739,0.2,2.9138417043948124,-2.7838417043948027,-0.4279472347982676,24.765400000000003,25.27,5,0.9549999999999983,False,True
2023-01-01,78.16,78.73,0.5700000000000074,1.5,1.1812371303645914,0.05862,0.2,2.939857130364591,-2.369857130364584,-0.2899523767881946,33.22775,38.009,4,12.739,False,True
2023-02-01,76.86,77.18,0.3200000000000074,1.5,1.161590146364157,0.057645,0.2,2.919235146364157,-2.599235146364149,-0.3664117154547164,39.973,40.718,4,2.709000000000003,False,True
2023-03-01,73.37,73.38,0.0099999999999909,1.5,1.108845550855298,0.0550275,0.2,2.8638730508552976,-2.8538730508553067,-0.451291016951769,36.8106,34.247,5,-6.471000000000004,False,False
2023-04-01,79.44,78.51,-0.9299999999999926,1.5,1.2005818530727117,0.05958,0.2,2.9601618530727114,-3.890161853072704,-0.7967206176909013,33.31675,33.61,4,-0.6370000000000005,False,False
2023-05-01,71.62,71.1,-0.5200000000000102,1.5,1.08239768777779,0.053715,0.2,2.83611268777779,-3.3561126877778,-0.6187042292592667,36.39075,38.858,4,5.2479999999999976,False,True
2023-06-01,70.27,70.2,-0.0699999999999931,1.5,1.0619950505465692,0.0527025,0.2,2.814697550546569,-2.884697550546562,-0.4615658501821875,42.167,42.844,5,3.986000000000004,False,True
2023-07-01,76.03,75.22,-0.8100000000000023,1.5,1.14904630273311,0.0570225,0.2,2.90606880273311,-3.716068802733112,-0.7386896009110374,37.4515,34.48,4,-8.364000000000004,False,False
2023-08-01,81.32,79.89,-1.4299999999999926,1.5,1.2289944145502631,0.0609899999999999,0.2,2.989984414550263,-4.419984414550256,-0.9733281381834186,32.06875,29.165,4,-5.314999999999998,False,False
2023-09-01,89.43,85.99,-3.440000000000012,1.5,1.351561368583744,0.0670725,0.2,3.118633868583744,-6.558633868583756,-1.6862112895279189,23.8658,22.09,5,-7.074999999999999,False,False
2023-10-01,85.47,82.05,-3.4200000000000017,1.5,1.291713632705497,0.0641025,0.2,3.055816132705497,-6.475816132705498,-1.6586053775684997,21.377,21.498,4,-0.5919999999999987,False,False
2023-11-01,77.38,77.09,-0.289999999999992,1.5,1.1694489399643306,0.0580349999999999,0.2,2.927483939964331,-3.217483939964323,-0.5724946466547742,25.42125,27.722,4,6.224,False,True
2023-12-01,72.12,72.71,0.5899999999999892,1.5,1.0899542200856494,0.05409,0.2,2.844044220085649,-2.2540442200856603,-0.2513480733618867,32.2894,34.679,5,6.957000000000001,False,True
2024-01-01,73.86,73.73,-0.1299999999999954,1.5,1.116250952517,0.055395,0.2,2.8716459525170004,-3.001645952516996,-0.5005486508389986,31.10175,28.094,4,-6.585000000000001,False,False
2024-02-01,76.61,75.55,-1.0600000000000025,1.5,1.1578118802102273,0.0574575,0.2,2.915269380210227,-3.9752693802102295,-0.8250897934034098,29.3285,30.97,4,2.8759999999999977,False,True
2024-03-01,80.41,78.67,-1.7399999999999949,1.5,1.2152415257499591,0.0603075,0.2,2.975549025749959,-4.715549025749954,-1.0718496752499846,32.251599999999996,33.163,5,2.192999999999998,False,True
